domain,owner,category_type,certified_date,cert_level,detail_url
1001gr.com,1001GROUP,Sàn Thương mại điện tử,02/08/2022,Chứng nhận cơ bản,https://tinnhiemmang.vn/danh-ba-tin-nhiem/1001grcom-1658831594
24hstore.vn,Hộ kinh doanh 24hStore,Sàn Thương mại điện tử,19/05/2022,Chứng nhận cơ bản,https://tinnhiemmang.vn/danh-ba-tin-nhiem/24hstorevn-1652926664
actiup.net,Công Ty Cổ Phần Techhaus Vietnam,Sàn Thương mại điện tử,30/08/2022,Chứng nhận cơ bản,https://tinnhiemmang.vn/danh-ba-tin-nhiem/actiupnet-1661143928
ahamove.com,Công ty Cổ phần Dịch vụ Tức thời Ahamove,Đơn vị Vận chuyển & Logistics,Đã xác thực chính thức,Chứng nhận nâng cao,https://tinnhiemmang.vn/danh-ba-tin-nhiem/ahamove.com
ahamove.vn,Ahamove Việt Nam,Đơn vị Vận chuyển & Logistics,Đã xác thực chính thức,Chứng nhận cơ bản,https://tinnhiemmang.vn/danh-ba-tin-nhiem/ahamove.vn
alphalife.asia,CÔNG TY TNHH ALPHA LIFE,Sàn Thương mại điện tử,16/07/2022,Chứng nhận cơ bản,https://tinnhiemmang.vn/danh-ba-tin-nhiem/alphalifeasia-1624092836
anhlinhmkt.com,Anhlinhmkt,Sàn Thương mại điện tử,22/06/2022,Chứng nhận cơ bản,https://tinnhiemmang.vn/danh-ba-tin-nhiem/anhlinhmktcom-1655736075
anphatpc.com.vn,Công ty Cổ phần Máy tính An Phát,Sàn Thương mại điện tử,Đã xác thực chính thức,Chứng nhận cơ bản,https://tinnhiemmang.vn/danh-ba-tin-nhiem/anphatpc.com.vn
apfoodsvn.com,Công ty TNHH Kỹ Thuật Phúc Thịnh-AP FOODS,Sàn Thương mại điện tử,22/06/2022,Chứng nhận cơ bản,https://tinnhiemmang.vn/danh-ba-tin-nhiem/apfoodsvncom-1653631075
api.web2m.com,Công ty TNHH Thương Mại Và Dịch Vụ FUTE,Sàn Thương mại điện tử,26/07/2022,Chứng nhận cơ bản,https://tinnhiemmang.vn/danh-ba-tin-nhiem/apiweb2mcom-1658547772
avakids.com,Công ty cổ phần Thế Giới Di Động,Sàn Thương mại điện tử,09/02/2022,Chứng nhận cơ bản,https://tinnhiemmang.vn/danh-ba-tin-nhiem/avakidscom-1642947881
bachhoaxanh.com,Công ty Cổ phần Bách Hóa Xanh,Sàn Thương mại điện tử,Đã xác thực chính thức,Chứng nhận nâng cao,https://tinnhiemmang.vn/danh-ba-tin-nhiem/bachhoaxanh.com
balico.com.vn,Cty TNHH Thương mại dịch vụ phát triển Bảo Linh,Sàn Thương mại điện tử,17/11/2021,Chứng nhận cơ bản,https://tinnhiemmang.vn/danh-ba-tin-nhiem/balicocomvn-1636961020
bangkeovanphat.vn,Công ty TNHH Đầu tư và Xuất nhập khẩu Vạn Phát,Sàn Thương mại điện tử,18/04/2022,Chứng nhận cơ bản,https://tinnhiemmang.vn/danh-ba-tin-nhiem/bangkeovanphatvn-1650093891
banhang.shopee.vn,Shopee Bán Hàng,Sàn Thương mại điện tử,Đã xác thực chính thức,Chứng nhận cơ bản,https://tinnhiemmang.vn/danh-ba-tin-nhiem/banhang.shopee.vn
bepxanh.com,Bếp xanh Family,Sàn Thương mại điện tử,11/10/2022,Chứng nhận cơ bản,https://tinnhiemmang.vn/danh-ba-tin-nhiem/bepxanhcom-1664789889
best-express.vn,BEST Express Việt Nam,Đơn vị Vận chuyển & Logistics,Đã xác thực chính thức,Chứng nhận cơ bản,https://tinnhiemmang.vn/danh-ba-tin-nhiem/best-express.vn
best-inc.vn,BEST Express Việt Nam,Đơn vị Vận chuyển & Logistics,Đã xác thực chính thức,Chứng nhận cơ bản,https://tinnhiemmang.vn/danh-ba-tin-nhiem/best-inc.vn
bkhost.vn,Công Ty Cổ Phần Giải Pháp Mạng Trực Tuyến Việt Nam,Sàn Thương mại điện tử,03/03/2023,Chứng nhận cơ bản,https://tinnhiemmang.vn/danh-ba-tin-nhiem/bkhostvn-1644995878
bkns.vn,Công ty cổ phần giải pháp mạng Bạch Kim,Sàn Thương mại điện tử,18/01/2022,Chứng nhận cơ bản,https://tinnhiemmang.vn/danh-ba-tin-nhiem/bknsvn-1638172543
boninoxdaithanh.vn,Tân Á Đại Thành,Sàn Thương mại điện tử,30/03/2022,Chứng nhận cơ bản,https://tinnhiemmang.vn/danh-ba-tin-nhiem/boninoxdaithanhvn-1648633183
buudien.vn,Bưu điện Việt Nam (VNPost),Đơn vị Vận chuyển & Logistics,Đã xác thực chính thức,Chứng nhận cơ bản,https://tinnhiemmang.vn/danh-ba-tin-nhiem/buudien.vn
cafebiz.vn,Trang thông tin Doanh nhân CafeBiz (VCCorp),Mạng xã hội & Chat,Đã xác thực chính thức,Chứng nhận cơ bản,https://tinnhiemmang.vn/danh-ba-tin-nhiem/cafebiz.vn
cafef.vn,Trang thông tin Tài chính CafeF (VCCorp),Mạng xã hội & Chat,Đã xác thực chính thức,Chứng nhận cơ bản,https://tinnhiemmang.vn/danh-ba-tin-nhiem/cafef.vn
cellphones.com.vn,Công ty TNHH Thương mại Dịch vụ Di Động CellphoneS,Sàn Thương mại điện tử,Đã xác thực chính thức,Chứng nhận nâng cao,https://tinnhiemmang.vn/danh-ba-tin-nhiem/cellphones.com.vn
chamsocdidong.com,Công Ty TNHH MTV Đào Tạo Kỹ Thuật Và Thương Mại Hai Bốn Giờ,Sàn Thương mại điện tử,20/05/2022,Chứng nhận cơ bản,https://tinnhiemmang.vn/danh-ba-tin-nhiem/chamsocdidongcom-1653010916
chat.zalo.me,Zalo Web Chat,Mạng xã hội & Chat,Đã xác thực chính thức,Chứng nhận cơ bản,https://tinnhiemmang.vn/danh-ba-tin-nhiem/chat.zalo.me
cheapea.vn,Công Ty TNHH Thương Mại Dịch Vụ Cheapea,Sàn Thương mại điện tử,20/09/2022,Chứng nhận cơ bản,https://tinnhiemmang.vn/danh-ba-tin-nhiem/cheapeavn-1663198800
chogia.vn,CÔNG TY CỔ PHẦN XCORP,Sàn Thương mại điện tử,24/08/2021,Chứng nhận cơ bản,https://tinnhiemmang.vn/danh-ba-tin-nhiem/cho-gia-1628870232
chongtham.info.vn,Công ty TNHH TM và Dịch Vụ USS Việt Nam,Sàn Thương mại điện tử,18/01/2022,Chứng nhận cơ bản,https://tinnhiemmang.vn/danh-ba-tin-nhiem/chongthaminfovn-1641725183
chotot.com,Công ty TNHH Chợ Tốt,Sàn Thương mại điện tử,Đã xác thực chính thức,Chứng nhận nâng cao,https://tinnhiemmang.vn/danh-ba-tin-nhiem/chotot.com
chotot.vn,Công ty TNHH Chợ Tốt,Sàn Thương mại điện tử,Đã xác thực chính thức,Chứng nhận cơ bản,https://tinnhiemmang.vn/danh-ba-tin-nhiem/chotot.vn
chotroi.vn,CÔNG TY CỔ PHẦN XCORP,Sàn Thương mại điện tử,29/07/2022,Chứng nhận cơ bản,https://tinnhiemmang.vn/danh-ba-tin-nhiem/chotroivn-1659068453
ciscosaigon.com,Công Ty TNHH Nhập Khẩu Và Phân Phối Uni System,Sàn Thương mại điện tử,13/03/2023,Chứng nhận cơ bản,https://tinnhiemmang.vn/danh-ba-tin-nhiem/ciscosaigoncom-1646659155
citagency.net,Công Ty TNHH Giải Pháp Công Nghệ CIT Agency,Sàn Thương mại điện tử,24/08/2022,Chứng nhận cơ bản,https://tinnhiemmang.vn/danh-ba-tin-nhiem/citagencynet-1660899389
clickweb.vn,Công Ty TNHH Thương Mại Dịch Vụ Clickweb,Sàn Thương mại điện tử,04/10/2022,Chứng nhận cơ bản,https://tinnhiemmang.vn/danh-ba-tin-nhiem/clickwebvn-1663319126
concung.com,Công ty Cổ phần Con Cùng,Sàn Thương mại điện tử,Đã xác thực chính thức,Chứng nhận nâng cao,https://tinnhiemmang.vn/danh-ba-tin-nhiem/concung.com
congtysonha.vn,Nhà sản xuất Sơn Hà,Sàn Thương mại điện tử,08/12/2021,Chứng nhận cơ bản,https://tinnhiemmang.vn/danh-ba-tin-nhiem/congtysonhavn-1638960293
congtytoanmy.vn,Nhà sản xuất Toàn Mỹ Miền Nam,Sàn Thương mại điện tử,08/12/2021,Chứng nhận cơ bản,https://tinnhiemmang.vn/danh-ba-tin-nhiem/congtytoanmyvn-1638960122
coolmate.me,Công Ty TNHH Fastech Asia,Sàn Thương mại điện tử,03/03/2022,Chứng nhận cơ bản,https://tinnhiemmang.vn/danh-ba-tin-nhiem/coolmateme-1646213826
ctasolution.vn,Công Ty TNHH Cta Solution,Sàn Thương mại điện tử,05/08/2022,Chứng nhận cơ bản,https://tinnhiemmang.vn/danh-ba-tin-nhiem/ctasolutionvn-1659667020
culaochamtour.com,Công ty TNHH Du lịch sự kiện - Truyền thông Miền Trung,Sàn Thương mại điện tử,19/11/2021,Chứng nhận cơ bản,https://tinnhiemmang.vn/danh-ba-tin-nhiem/culaochamtourcom-1637219615
cyberlances.wordpress.com,Cyber Space,Sàn Thương mại điện tử,06/09/2022,Chứng nhận cơ bản,https://tinnhiemmang.vn/danh-ba-tin-nhiem/cyberlanceswordpresscom-1627187807
cyberspace.thinkific.com,Cyber Space,Sàn Thương mại điện tử,06/09/2022,Chứng nhận cơ bản,https://tinnhiemmang.vn/danh-ba-tin-nhiem/cyberspacethinkificcom-1627187839
daithanh-group.vn,Tân Á Đại Thành,Sàn Thương mại điện tử,08/12/2021,Chứng nhận cơ bản,https://tinnhiemmang.vn/danh-ba-tin-nhiem/daithanh-groupvn-1638960459
dalat-info.vn,Công ty TNHH du lịch Hoa Đà Lạt,Sàn Thương mại điện tử,18/10/2022,Chứng nhận cơ bản,https://tinnhiemmang.vn/danh-ba-tin-nhiem/dalat-infovn-1665040499
darlingbinhduong.com,Công Ty TNHH Thương Mại Công Nghệ VSC,Sàn Thương mại điện tử,26/07/2022,Chứng nhận cơ bản,https://tinnhiemmang.vn/danh-ba-tin-nhiem/darlingbinhduongcom-1656134131
dauthau.asia,Công ty cổ phần Hệ sinh thái Đấu Thầu,Sàn Thương mại điện tử,21/09/2021,Chứng nhận cơ bản,https://tinnhiemmang.vn/danh-ba-tin-nhiem/dauthauasia-1627533135
dauthau.net,Công ty cổ phần Hệ sinh thái Đấu Thầu,Sàn Thương mại điện tử,21/09/2021,Chứng nhận cơ bản,https://tinnhiemmang.vn/danh-ba-tin-nhiem/dauthaunet-1627533169
developers.zalo.me,Zalo Developer Portal,Mạng xã hội & Chat,Đã xác thực chính thức,Chứng nhận cơ bản,https://tinnhiemmang.vn/danh-ba-tin-nhiem/developers.zalo.me
devup.vn,Công Ty TNHH Công Nghệ Vietdevelopers,Sàn Thương mại điện tử,21/12/2022,Chứng nhận cơ bản,https://tinnhiemmang.vn/danh-ba-tin-nhiem/devupvn-1671160845
dhl.com,DHL Express Việt Nam,Đơn vị Vận chuyển & Logistics,Đã xác thực chính thức,Chứng nhận nâng cao,https://tinnhiemmang.vn/danh-ba-tin-nhiem/dhl.com
diachiamthuc.vn,Địa Chỉ Ẩm Thực,Sàn Thương mại điện tử,20/06/2022,Chứng nhận cơ bản,https://tinnhiemmang.vn/danh-ba-tin-nhiem/diachiamthucvn-1655208250
dichvucong.camau.gov.vn,Trung tâm Giải quyết thủ tục tục hành chính tỉnh Cà Mau,Sàn Thương mại điện tử,21/11/2023,Chứng nhận cơ bản,https://tinnhiemmang.vn/danh-ba-tin-nhiem/dichvucongcamaugovvn-1700467713
dichvucong.gov.vn,Dịch vụ công Quốc Gia,Sàn Thương mại điện tử,18/02/2022,Chứng nhận cơ bản,https://tinnhiemmang.vn/danh-ba-tin-nhiem/dichvuconggovvn-1645150950
dichvucong.hatinh.gov.vn,UBND tỉnh Hà Tĩnh,Sàn Thương mại điện tử,26/04/2025,Chứng nhận cơ bản,https://tinnhiemmang.vn/danh-ba-tin-nhiem/dichvuconghatinhgovvn-1744680171
dichvucong.lamdong.gov.vn,Dịch vụ công tỉnh Lâm Đồng,Sàn Thương mại điện tử,18/02/2022,Chứng nhận cơ bản,https://tinnhiemmang.vn/danh-ba-tin-nhiem/dichvuconglamdonggovvn-1645100343
dichvutantam.com,Công Ty CP Lắp Đặt-Sửa Chữa-Bảo Hành Tận Tâm,Sàn Thương mại điện tử,06/12/2021,Chứng nhận cơ bản,https://tinnhiemmang.vn/danh-ba-tin-nhiem/dichvutantamcom-1638770514
didongmy.com,Di Động Mỹ,Sàn Thương mại điện tử,06/07/2022,Chứng nhận cơ bản,https://tinnhiemmang.vn/danh-ba-tin-nhiem/didongmycom-1657087577
didongviet.vn,Di Động Việt,Sàn Thương mại điện tử,02/12/2021,Chứng nhận cơ bản,https://tinnhiemmang.vn/danh-ba-tin-nhiem/didongvietvn-1637207046
diencity.com,Công ty TNHH Thương Mại Kỹ Thuật Hữu Duy,Sàn Thương mại điện tử,05/08/2022,Chứng nhận cơ bản,https://tinnhiemmang.vn/danh-ba-tin-nhiem/diencitycom-1659667114
dienlanhthinhphat.com.vn,Điện lạnh TH Thịnh Phát,Sàn Thương mại điện tử,30/12/2021,Chứng nhận cơ bản,https://tinnhiemmang.vn/danh-ba-tin-nhiem/dienlanhthinhphatcomvn-1633321786
dienmayxanh.com,Công ty cổ phần Thế Giới Di Động,Sàn Thương mại điện tử,28/09/2021,Chứng nhận cơ bản,https://tinnhiemmang.vn/danh-ba-tin-nhiem/dienmayxanhcom-1632835471
dientuphat.com,Điện Tử Phát,Sàn Thương mại điện tử,30/06/2022,Chứng nhận cơ bản,https://tinnhiemmang.vn/danh-ba-tin-nhiem/dientuphatcom-1656550714
digitrends.com.vn,Công Ty Cổ Phần Truyền Thông 1Z Networks,Sàn Thương mại điện tử,05/05/2022,Chứng nhận cơ bản,https://tinnhiemmang.vn/danh-ba-tin-nhiem/digitrendscomvn-1651716263
discord.com,Discord Inc.,Mạng xã hội & Chat,Đã xác thực chính thức,Chứng nhận nâng cao,https://tinnhiemmang.vn/danh-ba-tin-nhiem/discord.com
discord.gg,Discord Invite Link,Mạng xã hội & Chat,Đã xác thực chính thức,Chứng nhận nâng cao,https://tinnhiemmang.vn/danh-ba-tin-nhiem/discord.gg
doji.vn,Tập đoàn Vàng bạc Đá quý DOJI,Sàn Thương mại điện tử,Đã xác thực chính thức,Chứng nhận cơ bản,https://tinnhiemmang.vn/danh-ba-tin-nhiem/doji.vn
dso.vn,CÔNG TY TNHH ALPHA LIFE,Sàn Thương mại điện tử,16/07/2022,Chứng nhận cơ bản,https://tinnhiemmang.vn/danh-ba-tin-nhiem/dsovn-1624092814
du-lich-da-lat.com,Công ty TNHH du lịch Hoa Đà Lạt,Sàn Thương mại điện tử,18/10/2022,Chứng nhận cơ bản,https://tinnhiemmang.vn/danh-ba-tin-nhiem/du-lich-da-latcom-1665040685
dulichdalat.pro,Công ty TNHH du lịch Hoa Đà Lạt,Sàn Thương mại điện tử,18/10/2022,Chứng nhận cơ bản,https://tinnhiemmang.vn/danh-ba-tin-nhiem/dulichdalatpro-1665040301
duthuyendanang.com,Công ty TNHH Du lịch sự kiện - Truyền thông Miền Trung,Sàn Thương mại điện tử,19/11/2021,Chứng nhận cơ bản,https://tinnhiemmang.vn/danh-ba-tin-nhiem/duthuyendanangcom-1637219626
dvc.vr.gov.vn,Cục Đăng kiểm Việt Nam,Sàn Thương mại điện tử,19/08/2024,Chứng nhận cơ bản,https://tinnhiemmang.vn/danh-ba-tin-nhiem/dvcvrgovvn-1723880981
ems.com.vn,Tổng Công ty Chuyển phát nhanh Bưu điện (EMS Việt Nam),Đơn vị Vận chuyển & Logistics,Đã xác thực chính thức,Chứng nhận nâng cao,https://tinnhiemmang.vn/danh-ba-tin-nhiem/ems.com.vn
evt.vn,Công Ty TNHH Trang Sức Em và Tôi,Sàn Thương mại điện tử,13/12/2021,Chứng nhận cơ bản,https://tinnhiemmang.vn/danh-ba-tin-nhiem/evtvn-1639362028
ezseo.vn,Công Ty TNHH MTV Ezseo,Sàn Thương mại điện tử,08/07/2022,Chứng nhận cơ bản,https://tinnhiemmang.vn/danh-ba-tin-nhiem/ezseovn-1652814343
facebook.com,Meta Platforms Inc. (Facebook),Mạng xã hội & Chat,Đã xác thực chính thức,Chứng nhận nâng cao,https://tinnhiemmang.vn/danh-ba-tin-nhiem/facebook.com
fado.vn,Công Ty Cổ Phần Fado Global,Sàn Thương mại điện tử,18/05/2022,Chứng nhận cơ bản,https://tinnhiemmang.vn/danh-ba-tin-nhiem/fadovn-1652697786
fb.com,Meta Platforms Inc. (Facebook),Mạng xã hội & Chat,Đã xác thực chính thức,Chứng nhận nâng cao,https://tinnhiemmang.vn/danh-ba-tin-nhiem/fb.com
fb.watch,Facebook Watch,Mạng xã hội & Chat,Đã xác thực chính thức,Chứng nhận cơ bản,https://tinnhiemmang.vn/danh-ba-tin-nhiem/fb.watch
fbcdn.net,Facebook Content Delivery Network,Mạng xã hội & Chat,Đã xác thực chính thức,Chứng nhận cơ bản,https://tinnhiemmang.vn/danh-ba-tin-nhiem/fbcdn.net
fedex.com,FedEx Express Việt Nam,Đơn vị Vận chuyển & Logistics,Đã xác thực chính thức,Chứng nhận nâng cao,https://tinnhiemmang.vn/danh-ba-tin-nhiem/fedex.com
fivedigital.vn,Công ty TNHH Five Digital,Sàn Thương mại điện tử,23/11/2022,Chứng nhận cơ bản,https://tinnhiemmang.vn/danh-ba-tin-nhiem/fivedigitalvn-1669167786
fptshop.com.vn,Công ty Cổ phần Bán lẻ Kỹ thuật số FPT (FPT Shop),Sàn Thương mại điện tử,Đã xác thực chính thức,Chứng nhận nâng cao,https://tinnhiemmang.vn/danh-ba-tin-nhiem/fptshop.com.vn
gapo.vn,Mạng xã hội Gapo (Gapo Technology),Mạng xã hội & Chat,Đã xác thực chính thức,Chứng nhận nâng cao,https://tinnhiemmang.vn/danh-ba-tin-nhiem/gapo.vn
genk.vn,Trang thông tin Công nghệ GenK (VCCorp),Mạng xã hội & Chat,Đã xác thực chính thức,Chứng nhận cơ bản,https://tinnhiemmang.vn/danh-ba-tin-nhiem/genk.vn
gento.vn,GENTO Leather,Sàn Thương mại điện tử,02/06/2022,Chứng nhận cơ bản,https://tinnhiemmang.vn/danh-ba-tin-nhiem/gentovn-1654058760
ghn.vn,Công ty Cổ phần Dịch vụ Giao Hàng Nhanh (GHN),Đơn vị Vận chuyển & Logistics,Đã xác thực chính thức,Chứng nhận nâng cao,https://tinnhiemmang.vn/danh-ba-tin-nhiem/ghn.vn
ghtk.vn,Công ty Cổ phần Giao Hàng Tiết Kiệm (GHTK),Đơn vị Vận chuyển & Logistics,Đã xác thực chính thức,Chứng nhận nâng cao,https://tinnhiemmang.vn/danh-ba-tin-nhiem/ghtk.vn
giamcanhieuqua.vn,Hộ kinh doanh Ngọc Hân Beauty,Sàn Thương mại điện tử,05/07/2022,Chứng nhận cơ bản,https://tinnhiemmang.vn/danh-ba-tin-nhiem/giamcanhieuquavn-1656927377
giaohangnhanh.vn,Công ty Cổ phần Dịch vụ Giao Hàng Nhanh (GHN),Đơn vị Vận chuyển & Logistics,Đã xác thực chính thức,Chứng nhận nâng cao,https://tinnhiemmang.vn/danh-ba-tin-nhiem/giaohangnhanh.vn
giaohangtietkiem.vn,Công ty Cổ phần Giao Hàng Tiết Kiệm (GHTK),Đơn vị Vận chuyển & Logistics,Đã xác thực chính thức,Chứng nhận nâng cao,https://tinnhiemmang.vn/danh-ba-tin-nhiem/giaohangtietkiem.vn
gladimax.com,Công Ty TNHH Thời Trang Quốc Tế Gladimax,Sàn Thương mại điện tử,10/08/2022,Chứng nhận cơ bản,https://tinnhiemmang.vn/danh-ba-tin-nhiem/gladimaxcom-1658732680
gobranding.com.vn,Công ty Cổ phần Global Online Branding,Sàn Thương mại điện tử,28/10/2022,Chứng nhận cơ bản,https://tinnhiemmang.vn/danh-ba-tin-nhiem/gobrandingcomvn-1666955845
golfcity.com.vn,Golf Group,Sàn Thương mại điện tử,14/12/2021,Chứng nhận cơ bản,https://tinnhiemmang.vn/danh-ba-tin-nhiem/golfcitycomvn-1639454210
golfgroup.com.vn,Golf Group,Sàn Thương mại điện tử,14/12/2021,Chứng nhận cơ bản,https://tinnhiemmang.vn/danh-ba-tin-nhiem/golfgroupcomvn-1635908947
gomsugt.com,Công ty TNHH phát triển thương mại G&T Việt Nam,Sàn Thương mại điện tử,28/11/2022,Chứng nhận cơ bản,https://tinnhiemmang.vn/danh-ba-tin-nhiem/gomsugtcom-1669620342
googlevideo.com,Google Video Streaming,Mạng xã hội & Chat,Đã xác thực chính thức,Chứng nhận cơ bản,https://tinnhiemmang.vn/danh-ba-tin-nhiem/googlevideo.com
grab.com,Grab Việt Nam (GrabExpress),Đơn vị Vận chuyển & Logistics,Đã xác thực chính thức,Chứng nhận nâng cao,https://tinnhiemmang.vn/danh-ba-tin-nhiem/grab.com
hacom.vn,Công ty Cổ phần Máy tính Hà Nội (HACOM),Sàn Thương mại điện tử,Đã xác thực chính thức,Chứng nhận cơ bản,https://tinnhiemmang.vn/danh-ba-tin-nhiem/hacom.vn
hagintea.com,Công ty TNHH Hagintea,Sàn Thương mại điện tử,10/06/2022,Chứng nhận cơ bản,https://tinnhiemmang.vn/danh-ba-tin-nhiem/haginteacom-1654829906
halink.vn,Công Ty TNHH Thương Mại Dịch Vụ Halink,Sàn Thương mại điện tử,22/06/2022,Chứng nhận cơ bản,https://tinnhiemmang.vn/danh-ba-tin-nhiem/halinkvn-1653729406
haliti.com.vn,Công ty TNHH Haliti Việt Nam,Sàn Thương mại điện tử,15/11/2021,Chứng nhận cơ bản,https://tinnhiemmang.vn/danh-ba-tin-nhiem/haliticomvn-1635248426
halongcity.gov.vn,UBND tỉnh Quảng Ninh,Sàn Thương mại điện tử,03/07/2023,Chứng nhận cơ bản,https://tinnhiemmang.vn/danh-ba-tin-nhiem/halongcitygovvn-1688131079
hangchinhhieu.vn,Công ty TNHH công nghệ Hoàng Mai,Sàn Thương mại điện tử,04/07/2022,Chứng nhận cơ bản,https://tinnhiemmang.vn/danh-ba-tin-nhiem/hangchinhhieuvn-1656081636
hanggiadung.org,Hộ kinh doanh Hàng gia dụng,Sàn Thương mại điện tử,19/12/2022,Chứng nhận cơ bản,https://tinnhiemmang.vn/danh-ba-tin-nhiem/hanggiadungorg-1668391234
hanoicomputer.vn,Công ty Cổ phần Máy tính Hà Nội (HACOM),Sàn Thương mại điện tử,Đã xác thực chính thức,Chứng nhận cơ bản,https://tinnhiemmang.vn/danh-ba-tin-nhiem/hanoicomputer.vn
happysvietnam.com,Công Ty TNHH Thương Mại Công Nghệ VSC,Sàn Thương mại điện tử,26/07/2022,Chứng nhận cơ bản,https://tinnhiemmang.vn/danh-ba-tin-nhiem/happysvietnamcom-1656134137
hasaki.vn,Công ty Cổ phần Hasaki Beauty & Clinic,Sàn Thương mại điện tử,Đã xác thực chính thức,Chứng nhận cơ bản,https://tinnhiemmang.vn/danh-ba-tin-nhiem/hasaki.vn
hcom.vn,Công ty CP Đầu Tư HCOM,Sàn Thương mại điện tử,12/05/2022,Chứng nhận cơ bản,https://tinnhiemmang.vn/danh-ba-tin-nhiem/hcomvn-1652339569
hdradio.vn,Công ty TNHH Công nghệ HDRADIO Việt Nam,Sàn Thương mại điện tử,14/03/2022,Chứng nhận cơ bản,https://tinnhiemmang.vn/danh-ba-tin-nhiem/hdradiovn-1644747507
hesinhthaidauthau.vn,Công ty cổ phần Hệ sinh thái Đấu Thầu,Sàn Thương mại điện tử,21/09/2022,Chứng nhận cơ bản,https://tinnhiemmang.vn/danh-ba-tin-nhiem/hesinhthaidauthauvn-1663665227
heyoto.vn,Công Ty TNHH HYPERLINK Việt Nam,Sàn Thương mại điện tử,09/01/2023,Chứng nhận cơ bản,https://tinnhiemmang.vn/danh-ba-tin-nhiem/heyotovn-1673258576
hoanghamobile.com,Công ty Cổ phần Xây dựng và Đầu tư Hoàng Hà,Sàn Thương mại điện tử,Đã xác thực chính thức,Chứng nhận cơ bản,https://tinnhiemmang.vn/danh-ba-tin-nhiem/hoanghamobile.com
hoangvugroup.net,Công ty TNHH Đầu tư và công nghệ Hoàng Vũ,Sàn Thương mại điện tử,15/01/2024,Chứng nhận cơ bản,https://tinnhiemmang.vn/danh-ba-tin-nhiem/hoangvugroupnet-1672718767
hoanmydecor.vn,Công Ty CP Nội Thất Hoàn Mỹ Decor,Sàn Thương mại điện tử,30/08/2022,Chứng nhận cơ bản,https://tinnhiemmang.vn/danh-ba-tin-nhiem/hoanmydecorvn-1661411618
homeq.vn,Công ty TNHH Nhà Thông Minh HomeQ,Sàn Thương mại điện tử,14/11/2022,Chứng nhận cơ bản,https://tinnhiemmang.vn/danh-ba-tin-nhiem/homeqvn-1634196095
hostify.vn,Công Ty Cổ Phần GMO-Z.com RUNSYSTEM,Sàn Thương mại điện tử,12/10/2022,Chứng nhận cơ bản,https://tinnhiemmang.vn/danh-ba-tin-nhiem/hostifyvn-1663575302
hotelgiatot.com,HotelGiaTot,Sàn Thương mại điện tử,05/04/2022,Chứng nhận cơ bản,https://tinnhiemmang.vn/danh-ba-tin-nhiem/hotelgiatotcom-1649151013
hufati.com,Cửa Hàng Vi Tính HUFATI,Sàn Thương mại điện tử,09/02/2022,Chứng nhận cơ bản,https://tinnhiemmang.vn/danh-ba-tin-nhiem/hufaticom-1642562780
i.ghtk.vn,GHTK Internal Platform,Đơn vị Vận chuyển & Logistics,Đã xác thực chính thức,Chứng nhận cơ bản,https://tinnhiemmang.vn/danh-ba-tin-nhiem/i.ghtk.vn
id.zalo.me,Zalo Account Identity,Mạng xã hội & Chat,Đã xác thực chính thức,Chứng nhận cơ bản,https://tinnhiemmang.vn/danh-ba-tin-nhiem/id.zalo.me
imana.vn,Công Ty TNHH Sen Việt Water,Sàn Thương mại điện tử,16/03/2022,Chứng nhận cơ bản,https://tinnhiemmang.vn/danh-ba-tin-nhiem/imanavn-1646983665
instagram.com,Meta Instagram,Mạng xã hội & Chat,Đã xác thực chính thức,Chứng nhận nâng cao,https://tinnhiemmang.vn/danh-ba-tin-nhiem/instagram.com
jtexpress.vn,Công ty TNHH Một thành viên Giao Hàng Nhanh J&T (J&T Express),Đơn vị Vận chuyển & Logistics,Đã xác thực chính thức,Chứng nhận nâng cao,https://tinnhiemmang.vn/danh-ba-tin-nhiem/jtexpress.vn
juniper.vn,Công Ty TNHH Nhập Khẩu Và Phân Phối Uni System,Sàn Thương mại điện tử,13/03/2023,Chứng nhận cơ bản,https://tinnhiemmang.vn/danh-ba-tin-nhiem/junipervn-1646659174
kaike.vn,Công Ty Cổ Phần GMO-Z.com RUNSYSTEM,Sàn Thương mại điện tử,20/12/2022,Chứng nhận cơ bản,https://tinnhiemmang.vn/danh-ba-tin-nhiem/kaikevn-1669091845
kenh14.vn,Trang thông tin Giới trẻ Kênh 14 (VCCorp),Mạng xã hội & Chat,Đã xác thực chính thức,Chứng nhận cơ bản,https://tinnhiemmang.vn/danh-ba-tin-nhiem/kenh14.vn
kerryexpress.com.vn,Kerry Express Việt Nam,Đơn vị Vận chuyển & Logistics,Đã xác thực chính thức,Chứng nhận cơ bản,https://tinnhiemmang.vn/danh-ba-tin-nhiem/kerryexpress.com.vn
khachhang.ghn.vn,Cổng Khách Hàng GHN Express,Đơn vị Vận chuyển & Logistics,Đã xác thực chính thức,Chứng nhận cơ bản,https://tinnhiemmang.vn/danh-ba-tin-nhiem/khachhang.ghn.vn
khachhang.ghtk.vn,Cổng Khách Hàng GHTK,Đơn vị Vận chuyển & Logistics,Đã xác thực chính thức,Chứng nhận cơ bản,https://tinnhiemmang.vn/danh-ba-tin-nhiem/khachhang.ghtk.vn
khangthinh.com.vn,Công ty TNHH sản xuất và thương mại Khang Thịnh,Sàn Thương mại điện tử,30/11/2022,Chứng nhận cơ bản,https://tinnhiemmang.vn/danh-ba-tin-nhiem/khangthinhcomvn-1663151990
kidsplaza.vn,Công ty Cổ phần Kids Plaza,Sàn Thương mại điện tử,Đã xác thực chính thức,Chứng nhận cơ bản,https://tinnhiemmang.vn/danh-ba-tin-nhiem/kidsplaza.vn
kituaz.com,Công Ty Cổ Phần Truyền Thông 1Z Networks,Sàn Thương mại điện tử,14/07/2022,Chứng nhận cơ bản,https://tinnhiemmang.vn/danh-ba-tin-nhiem/kituazcom-1657766302
kyma.vn,Công Ty Cổ Phần Công Nghệ Kyma,Sàn Thương mại điện tử,10/05/2022,Chứng nhận cơ bản,https://tinnhiemmang.vn/danh-ba-tin-nhiem/kymavn-1651830980
lalamove.com,Lalamove Việt Nam,Đơn vị Vận chuyển & Logistics,Đã xác thực chính thức,Chứng nhận nâng cao,https://tinnhiemmang.vn/danh-ba-tin-nhiem/lalamove.com
lalamove.vn,Lalamove Việt Nam,Đơn vị Vận chuyển & Logistics,Đã xác thực chính thức,Chứng nhận cơ bản,https://tinnhiemmang.vn/danh-ba-tin-nhiem/lalamove.vn
lazada.com,Lazada Group,Sàn Thương mại điện tử,Đã xác thực chính thức,Chứng nhận nâng cao,https://tinnhiemmang.vn/danh-ba-tin-nhiem/lazada.com
lazada.vn,Công ty TNHH Recofex (Lazada Việt Nam),Sàn Thương mại điện tử,Đã xác thực chính thức,Chứng nhận nâng cao,https://tinnhiemmang.vn/danh-ba-tin-nhiem/lazada.vn
ldesign.vn,Công Ty TNHH Truyền Thông L Design,Sàn Thương mại điện tử,04/05/2022,Chứng nhận cơ bản,https://tinnhiemmang.vn/danh-ba-tin-nhiem/ldesignvn-1646024661
ldm.asia,Công Ty TNHH Truyền Thông L Design,Sàn Thương mại điện tử,04/05/2022,Chứng nhận cơ bản,https://tinnhiemmang.vn/danh-ba-tin-nhiem/ldmasia-1651649567
lideehaus.com,CÔNG TY TNHH LIDEE HAUS,Sàn Thương mại điện tử,10/10/2022,Chứng nhận cơ bản,https://tinnhiemmang.vn/danh-ba-tin-nhiem/lideehauscom-1665391959
linhkiendtdd.vn,Hộ kinh doanh cửa hàng điện thoại di động Tín Thành,Sàn Thương mại điện tử,19/05/2022,Chứng nhận cơ bản,https://tinnhiemmang.vn/danh-ba-tin-nhiem/linhkiendtddvn-1652938632
linkedin.com,Microsoft (LinkedIn),Mạng xã hội & Chat,Đã xác thực chính thức,Chứng nhận nâng cao,https://tinnhiemmang.vn/danh-ba-tin-nhiem/linkedin.com
lotus.vn,Mạng xã hội Lotus (VCCorp),Mạng xã hội & Chat,Đã xác thực chính thức,Chứng nhận nâng cao,https://tinnhiemmang.vn/danh-ba-tin-nhiem/lotus.vn
lotusmilk.com.vn,Công ty TNHH Lotus Tây Nguyên,Mạng xã hội & Chat,25/08/2022,Chứng nhận cơ bản,https://tinnhiemmang.vn/danh-ba-tin-nhiem/lotusmilkcomvn-1661151418
m.me,Meta Messenger Link,Mạng xã hội & Chat,Đã xác thực chính thức,Chứng nhận cơ bản,https://tinnhiemmang.vn/danh-ba-tin-nhiem/m.me
maiphuong.vn,Mai Phương Computer,Sàn Thương mại điện tử,13/03/2023,Chứng nhận cơ bản,https://tinnhiemmang.vn/danh-ba-tin-nhiem/maiphuongvn-1644549159
maxweb.vn,Công Ty TNHH Giải Pháp Công Nghệ Và Truyền Thông MBS,Sàn Thương mại điện tử,21/09/2022,Chứng nhận cơ bản,https://tinnhiemmang.vn/danh-ba-tin-nhiem/maxwebvn-1663664699
maytinhtienfpos.com,Công Ty TNHH Thương Mại Dịch Vụ Công Nghệ Giải Pháp Nhanh,Sàn Thương mại điện tử,25/11/2022,Chứng nhận cơ bản,https://tinnhiemmang.vn/danh-ba-tin-nhiem/maytinhtienfposcom-1637144062
mediamart.vn,Công ty Cổ phần MediaMart Việt Nam,Sàn Thương mại điện tử,Đã xác thực chính thức,Chứng nhận cơ bản,https://tinnhiemmang.vn/danh-ba-tin-nhiem/mediamart.vn
mega.com.vn,MEGA Technology,Sàn Thương mại điện tử,29/08/2022,Chứng nhận cơ bản,https://tinnhiemmang.vn/danh-ba-tin-nhiem/megacomvn-1661140436
messenger.com,Meta Messenger,Mạng xã hội & Chat,Đã xác thực chính thức,Chứng nhận nâng cao,https://tinnhiemmang.vn/danh-ba-tin-nhiem/messenger.com
meta.vn,Công ty cổ phần Mạng trực tuyến META,Sàn Thương mại điện tử,09/05/2022,Chứng nhận cơ bản,https://tinnhiemmang.vn/danh-ba-tin-nhiem/metavn-1644230237
minhancomputer.com,Công Ty Cổ Phần Dịch Vụ Thương Mại  Minh An Group,Sàn Thương mại điện tử,29/09/2022,Chứng nhận cơ bản,https://tinnhiemmang.vn/danh-ba-tin-nhiem/minhancomputercom-1664174772
minhduy.vn,Cty TNHH MTV Thương mại và Dịch vụ Minh Duy Solutions,Sàn Thương mại điện tử,22/11/2021,Chứng nhận cơ bản,https://tinnhiemmang.vn/danh-ba-tin-nhiem/minhduyvn-1637154461
mocha.com.vn,Mạng xã hội & Chat Mocha (Viettel),Mạng xã hội & Chat,Đã xác thực chính thức,Chứng nhận cơ bản,https://tinnhiemmang.vn/danh-ba-tin-nhiem/mocha.com.vn
mocongty.net,Công ty TNHH Dịch Vụ Tư Vấn DNL,Sàn Thương mại điện tử,31/08/2021,Chứng nhận cơ bản,https://tinnhiemmang.vn/danh-ba-tin-nhiem/mocongtynet-1629972085
muaban-batdongsan.com.vn,Công ty TNHH Mua Bán Bất Động Sản Việt Nam,Sàn Thương mại điện tử,26/04/2022,Chứng nhận cơ bản,https://tinnhiemmang.vn/danh-ba-tin-nhiem/muaban-batdongsancomvn-1650942189
muasim.com.vn,Công Ty TNHH Đầu Tư Thương Mại Và Viễn Thông Quang Minh,Sàn Thương mại điện tử,14/03/2022,Chứng nhận cơ bản,https://tinnhiemmang.vn/danh-ba-tin-nhiem/muasimcomvn-1647246417
mvtek.vn,Công ty CP Công nghệ Mai Vũ,Sàn Thương mại điện tử,29/09/2022,Chứng nhận cơ bản,https://tinnhiemmang.vn/danh-ba-tin-nhiem/mvtekvn-1664420464
my.tino.org,CÔNG TY CỔ PHẦN TẬP ĐOÀN TINO,Sàn Thương mại điện tử,08/09/2021,Chứng nhận cơ bản,https://tinnhiemmang.vn/danh-ba-tin-nhiem/mytinoorg-1625756563
myaloha.vn,CT CP Thương mại điện tử Aloha,Sàn Thương mại điện tử,16/04/2021,Chứng nhận cơ bản,https://tinnhiemmang.vn/danh-ba-tin-nhiem/httpsmyalohavn-1617867111
net1s.com,Công Ty TNHH Quản Trị Web Việt,Sàn Thương mại điện tử,28/10/2021,Chứng nhận cơ bản,https://tinnhiemmang.vn/danh-ba-tin-nhiem/net1scom-1634144832
ngocanh.com,Công Ty CP Vật Tư Thương Mại Ngọc Anh,Sàn Thương mại điện tử,25/03/2022,Chứng nhận cơ bản,https://tinnhiemmang.vn/danh-ba-tin-nhiem/ngocanhcom-1647679071
nhanviec.com,Công Ty Cổ Phần Yoday,Sàn Thương mại điện tử,30/12/2021,Chứng nhận cơ bản,https://tinnhiemmang.vn/danh-ba-tin-nhiem/nhanvieccom-1635397116
nhathuocminhtrang.com,Nhà Thuốc Minh Trang 1,Sàn Thương mại điện tử,30/08/2022,Chứng nhận cơ bản,https://tinnhiemmang.vn/danh-ba-tin-nhiem/nhathuocminhtrangcom-1661826489
nhathuocngocanh.com,Nhà thuốc Ngọc Anh,Sàn Thương mại điện tử,03/06/2022,Chứng nhận cơ bản,https://tinnhiemmang.vn/danh-ba-tin-nhiem/nhathuocngocanhcom-1654243615
nhatot.com,Nhà Tốt (Chợ Tốt Bất động sản),Sàn Thương mại điện tử,Đã xác thực chính thức,Chứng nhận cơ bản,https://tinnhiemmang.vn/danh-ba-tin-nhiem/nhatot.com
ninjavan.co,Công ty TNHH Ninja Van Việt Nam,Đơn vị Vận chuyển & Logistics,Đã xác thực chính thức,Chứng nhận nâng cao,https://tinnhiemmang.vn/danh-ba-tin-nhiem/ninjavan.co
ninjavan.vn,Ninja Van Việt Nam,Đơn vị Vận chuyển & Logistics,Đã xác thực chính thức,Chứng nhận cơ bản,https://tinnhiemmang.vn/danh-ba-tin-nhiem/ninjavan.vn
niperfume.com,HKD Nước Hoa Niperfume,Sàn Thương mại điện tử,03/05/2024,Chứng nhận cơ bản,https://tinnhiemmang.vn/danh-ba-tin-nhiem/niperfumecom-1650721668
nppvanphongpham.com,Công Ty TNHH TM DV Xuất Nhập Khẩu Chế Nhật Thành,Sàn Thương mại điện tử,26/09/2022,Chứng nhận cơ bản,https://tinnhiemmang.vn/danh-ba-tin-nhiem/nppvanphongphamcom-1663821098
oa.zalo.me,Zalo Official Account (Zalo OA),Mạng xã hội & Chat,Đã xác thực chính thức,Chứng nhận cơ bản,https://tinnhiemmang.vn/danh-ba-tin-nhiem/oa.zalo.me
orangepi.vn,Orange Pi Việt Nam,Sàn Thương mại điện tử,30/06/2022,Chứng nhận cơ bản,https://tinnhiemmang.vn/danh-ba-tin-nhiem/orangepivn-1656312144
otcshop.vn,Công ty cổ phần PharmaOTC,Sàn Thương mại điện tử,30/11/2023,Chứng nhận cơ bản,https://tinnhiemmang.vn/danh-ba-tin-nhiem/otcshopvn-1668937472
otofun.net,Diễn đàn Otofun Việt Nam,Mạng xã hội & Chat,Đã xác thực chính thức,Chứng nhận cơ bản,https://tinnhiemmang.vn/danh-ba-tin-nhiem/otofun.net
petshopvinh.vn,Pet Shop Vinh,Sàn Thương mại điện tử,12/04/2022,Chứng nhận cơ bản,https://tinnhiemmang.vn/danh-ba-tin-nhiem/petshopvinhvn-1649745976
pharma360.vn,Pharma360,Sàn Thương mại điện tử,06/06/2022,Chứng nhận cơ bản,https://tinnhiemmang.vn/danh-ba-tin-nhiem/pharma360vn-1654512081
phongnhaexplorer.com,Công Ty TNHH Du Lịch Thám Hiểm Phong Nha,Sàn Thương mại điện tử,22/11/2022,Chứng nhận cơ bản,https://tinnhiemmang.vn/danh-ba-tin-nhiem/phongnhaexplorercom-1630474866
phongvu.vn,Công ty Cổ phần Phong Vũ,Sàn Thương mại điện tử,Đã xác thực chính thức,Chứng nhận cơ bản,https://tinnhiemmang.vn/danh-ba-tin-nhiem/phongvu.vn
pinterest.com,Pinterest Inc.,Mạng xã hội & Chat,Đã xác thực chính thức,Chứng nhận nâng cao,https://tinnhiemmang.vn/danh-ba-tin-nhiem/pinterest.com
pnj.com.vn,Công ty Cổ phần Vàng bạc Đá quý Phú Nhuận (PNJ),Sàn Thương mại điện tử,Đã xác thực chính thức,Chứng nhận nâng cao,https://tinnhiemmang.vn/danh-ba-tin-nhiem/pnj.com.vn
proxyno1.com,Công Ty TNHH Proxy No.1 Việt Nam,Sàn Thương mại điện tử,22/07/2022,Chứng nhận cơ bản,https://tinnhiemmang.vn/danh-ba-tin-nhiem/proxyno1com-1658291694
qtud-ttdvkh-portal.gsafe.vn,Công Ty Cổ Phần Thiết Bị Công Nghiệp GEIC,Sàn Thương mại điện tử,06/02/2026,Chứng nhận cơ bản,https://tinnhiemmang.vn/danh-ba-tin-nhiem/qtud-ttdvkh-portalgsafevn-1773742882
redd.it,Reddit Short Link,Mạng xã hội & Chat,Đã xác thực chính thức,Chứng nhận cơ bản,https://tinnhiemmang.vn/danh-ba-tin-nhiem/redd.it
reddit.com,Reddit Inc.,Mạng xã hội & Chat,Đã xác thực chính thức,Chứng nhận nâng cao,https://tinnhiemmang.vn/danh-ba-tin-nhiem/reddit.com
reshare.vn,Công Ty Cổ Phần REshare,Sàn Thương mại điện tử,04/11/2022,Chứng nhận cơ bản,https://tinnhiemmang.vn/danh-ba-tin-nhiem/resharevn-1664545478
reviewaz.vn,Công Ty Cổ Phần Truyền Thông 1Z Networks,Sàn Thương mại điện tử,05/05/2022,Chứng nhận cơ bản,https://tinnhiemmang.vn/danh-ba-tin-nhiem/reviewazvn-1651716253
rumedia.vn,Công ty TNHH Giải pháp Doanh nghiệp RU Media,Sàn Thương mại điện tử,15/07/2022,Chứng nhận cơ bản,https://tinnhiemmang.vn/danh-ba-tin-nhiem/httpsrumediavn-1623397031
runsystem.net,Công Ty Cổ Phần GMO-Z.com RUNSYSTEM,Sàn Thương mại điện tử,22/11/2022,Chứng nhận cơ bản,https://tinnhiemmang.vn/danh-ba-tin-nhiem/runsystemnet-1667878089
saco.asia,Công Ty Cổ Phần Saco Inc,Sàn Thương mại điện tử,14/12/2022,Chứng nhận cơ bản,https://tinnhiemmang.vn/danh-ba-tin-nhiem/sacoasia-1669359092
samngoclinhvietnam.com.vn,Công ty TNHH Sâm ViNa,Sàn Thương mại điện tử,26/09/2022,Chứng nhận cơ bản,https://tinnhiemmang.vn/danh-ba-tin-nhiem/samngoclinhvietnamcomvn-1663926642
sanakybinhduong.vn,Công Ty TNHH Thương Mại Công Nghệ VSC,Sàn Thương mại điện tử,26/07/2022,Chứng nhận cơ bản,https://tinnhiemmang.vn/danh-ba-tin-nhiem/sanakybinhduongvn-1656134118
sanhangre.net,Hộ kinh doanh Vũ Đăng Khôi,Sàn Thương mại điện tử,18/04/2022,Chứng nhận cơ bản,https://tinnhiemmang.vn/danh-ba-tin-nhiem/sanhangrenet-1650247371
saomaiaudio.com,Công ty cổ phần âm thanh Sao Mai,Sàn Thương mại điện tử,04/01/2022,Chứng nhận cơ bản,https://tinnhiemmang.vn/danh-ba-tin-nhiem/saomaiaudiocom-1641261955
sapo.vn,Công ty cổ phần Công nghệ Sapo,Sàn Thương mại điện tử,05/04/2022,Chứng nhận cơ bản,https://tinnhiemmang.vn/danh-ba-tin-nhiem/sapovn-1646215304
scandihome.vn,Công ty TNHH Scandi Home,Sàn Thương mại điện tử,10/11/2022,Chứng nhận cơ bản,https://tinnhiemmang.vn/danh-ba-tin-nhiem/scandihomevn-1667962289
seller-vn.tiktok.com,TikTok Shop Seller Center Việt Nam,Sàn Thương mại điện tử,Đã xác thực chính thức,Chứng nhận cơ bản,https://tinnhiemmang.vn/danh-ba-tin-nhiem/seller-vn.tiktok.com
seller.shopee.vn,Shopee Kênh Người Bán,Sàn Thương mại điện tử,Đã xác thực chính thức,Chứng nhận cơ bản,https://tinnhiemmang.vn/danh-ba-tin-nhiem/seller.shopee.vn
seller.tiktok.com,TikTok Shop Seller Center,Sàn Thương mại điện tử,Đã xác thực chính thức,Chứng nhận cơ bản,https://tinnhiemmang.vn/danh-ba-tin-nhiem/seller.tiktok.com
sellercenter.lazada.vn,Lazada Seller Center,Sàn Thương mại điện tử,Đã xác thực chính thức,Chứng nhận cơ bản,https://tinnhiemmang.vn/danh-ba-tin-nhiem/sellercenter.lazada.vn
sellercenter.tiki.vn,Tiki Seller Center,Sàn Thương mại điện tử,Đã xác thực chính thức,Chứng nhận cơ bản,https://tinnhiemmang.vn/danh-ba-tin-nhiem/sellercenter.tiki.vn
sendo.vn,Công ty Cổ phần Công nghệ Sen Đỏ (Sendo),Sàn Thương mại điện tử,Đã xác thực chính thức,Chứng nhận nâng cao,https://tinnhiemmang.vn/danh-ba-tin-nhiem/sendo.vn
shopee.com,Shopee Global,Sàn Thương mại điện tử,Đã xác thực chính thức,Chứng nhận nâng cao,https://tinnhiemmang.vn/danh-ba-tin-nhiem/shopee.com
shopee.vn,Công ty TNHH Shopee (Shopee Việt Nam),Sàn Thương mại điện tử,Đã xác thực chính thức,Chứng nhận nâng cao,https://tinnhiemmang.vn/danh-ba-tin-nhiem/shopee.vn
shopeepay.vn,Ví ShopeePay,Sàn Thương mại điện tử,Đã xác thực chính thức,Chứng nhận cơ bản,https://tinnhiemmang.vn/danh-ba-tin-nhiem/shopeepay.vn
shopeexpress.vn,Shopee Express (SPX),Đơn vị Vận chuyển & Logistics,Đã xác thực chính thức,Chứng nhận cơ bản,https://tinnhiemmang.vn/danh-ba-tin-nhiem/shopeexpress.vn
sieuthimang.vn,Công Ty TNHH Nhập Khẩu Và Phân Phối Uni System,Sàn Thương mại điện tử,13/03/2023,Chứng nhận cơ bản,https://tinnhiemmang.vn/danh-ba-tin-nhiem/sieuthimangvn-1646659143
sieuthisimthe.com,Siêu Thị Sim Thẻ,Sàn Thương mại điện tử,23/12/2021,Chứng nhận cơ bản,https://tinnhiemmang.vn/danh-ba-tin-nhiem/sieuthisimthecom-1637154862
siscom.vn,Công ty cổ phần thương mại kỹ thuật SISCOM,Sàn Thương mại điện tử,06/12/2022,Chứng nhận cơ bản,https://tinnhiemmang.vn/danh-ba-tin-nhiem/siscomvn-1670253582
skype.com,Microsoft Skype,Mạng xã hội & Chat,Đã xác thực chính thức,Chứng nhận nâng cao,https://tinnhiemmang.vn/danh-ba-tin-nhiem/skype.com
smartbaby.com.vn,Công Ty Cổ Phần Smart Baby Việt Nam,Sàn Thương mại điện tử,19/09/2022,Chứng nhận cơ bản,https://tinnhiemmang.vn/danh-ba-tin-nhiem/smartbabycomvn-1663259993
sneakerdaily.vn,Sneaker Daily,Sàn Thương mại điện tử,21/03/2022,Chứng nhận cơ bản,https://tinnhiemmang.vn/danh-ba-tin-nhiem/sneakerdailyvn-1647438797
sonha-sg.com.vn,Nhà sản xuất Sơn Hà,Sàn Thương mại điện tử,08/12/2021,Chứng nhận cơ bản,https://tinnhiemmang.vn/danh-ba-tin-nhiem/sonha-sgcomvn-1638960282
sp.zalo.me,Zalo Support & Services,Mạng xã hội & Chat,Đã xác thực chính thức,Chứng nhận cơ bản,https://tinnhiemmang.vn/danh-ba-tin-nhiem/sp.zalo.me
spiderum.com,Mạng xã hội Chia sẻ Tri thức Spiderum,Mạng xã hội & Chat,Đã xác thực chính thức,Chứng nhận nâng cao,https://tinnhiemmang.vn/danh-ba-tin-nhiem/spiderum.com
spx.vn,Shopee Express (SPX),Đơn vị Vận chuyển & Logistics,Đã xác thực chính thức,Chứng nhận cơ bản,https://tinnhiemmang.vn/danh-ba-tin-nhiem/spx.vn
suatuoi.com,Công ty TNHH Thực Phẩm Châu Đại Dương,Sàn Thương mại điện tử,20/09/2022,Chứng nhận cơ bản,https://tinnhiemmang.vn/danh-ba-tin-nhiem/suatuoicom-1631417628
suckhoesenvang.vn,Công ty TNHH Thắng Sinh Technology,Sàn Thương mại điện tử,02/12/2022,Chứng nhận cơ bản,https://tinnhiemmang.vn/danh-ba-tin-nhiem/suckhoesenvangvn-1637158841
suzukikhangthinh.vn,Công ty TNHH sản xuất và thương mại Khang Thịnh,Sàn Thương mại điện tử,30/11/2022,Chứng nhận cơ bản,https://tinnhiemmang.vn/danh-ba-tin-nhiem/suzukikhangthinhvn-1663152009
t.co,X/Twitter Short Link,Mạng xã hội & Chat,Đã xác thực chính thức,Chứng nhận cơ bản,https://tinnhiemmang.vn/danh-ba-tin-nhiem/t.co
t.me,Telegram Short Link,Mạng xã hội & Chat,Đã xác thực chính thức,Chứng nhận nâng cao,https://tinnhiemmang.vn/danh-ba-tin-nhiem/t.me
tecostore.vn,Công ty cổ phần thương mại điện tử TECOTEC,Sàn Thương mại điện tử,31/08/2022,Chứng nhận cơ bản,https://tinnhiemmang.vn/danh-ba-tin-nhiem/tecostorevn-1661924602
telegram.me,Telegram Short Link,Mạng xã hội & Chat,Đã xác thực chính thức,Chứng nhận cơ bản,https://tinnhiemmang.vn/danh-ba-tin-nhiem/telegram.me
telegram.org,Telegram Messenger Inc.,Mạng xã hội & Chat,Đã xác thực chính thức,Chứng nhận nâng cao,https://tinnhiemmang.vn/danh-ba-tin-nhiem/telegram.org
tenten.vn,Công Ty Cổ Phần GMO-Z.com RUNSYSTEM,Sàn Thương mại điện tử,22/11/2022,Chứng nhận cơ bản,https://tinnhiemmang.vn/danh-ba-tin-nhiem/tentenvn-1667878059
thcsvinhquangthanhluong.haiphong.edu.vn,THCS Vinh Quang - Thanh Lương,Sàn Thương mại điện tử,08/07/2024,Chứng nhận cơ bản,https://tinnhiemmang.vn/danh-ba-tin-nhiem/thcsvinhquangthanhluonghaiphongeduvn-1715157719
thegioididong.com,Công ty cổ phần Thế Giới Di Động,Sàn Thương mại điện tử,28/09/2021,Chứng nhận cơ bản,https://tinnhiemmang.vn/danh-ba-tin-nhiem/thegioididongcom-1632835473
thegioigaycu.com,Golf Group,Sàn Thương mại điện tử,14/12/2021,Chứng nhận cơ bản,https://tinnhiemmang.vn/danh-ba-tin-nhiem/thegioigaycucom-1639454320
thegioimanhinh.vn,Công ty CP Đầu Tư HCOM,Sàn Thương mại điện tử,12/05/2022,Chứng nhận cơ bản,https://tinnhiemmang.vn/danh-ba-tin-nhiem/thegioimanhinhvn-1652339577
thietbiachau.com,Công Ty TNHH Công Nghệ Thiết Bị Á Châu,Sàn Thương mại điện tử,13/01/2022,Chứng nhận cơ bản,https://tinnhiemmang.vn/danh-ba-tin-nhiem/thietbiachaucom-1641145523
thietbipanasonic.com,Công ty TNHH MTV Võ Hải Dương,Sàn Thương mại điện tử,04/07/2022,Chứng nhận cơ bản,https://tinnhiemmang.vn/danh-ba-tin-nhiem/thietbipanasoniccom-1656694968
thietbithuysan.com.vn,Công Ty TNHH Công Nghệ Thiết Bị Á Châu,Sàn Thương mại điện tử,13/01/2022,Chứng nhận cơ bản,https://tinnhiemmang.vn/danh-ba-tin-nhiem/thietbithuysancomvn-1642066609
threads.net,Meta Threads,Mạng xã hội & Chat,Đã xác thực chính thức,Chứng nhận nâng cao,https://tinnhiemmang.vn/danh-ba-tin-nhiem/threads.net
tiki.vn,Công ty Cổ phần Tiki,Sàn Thương mại điện tử,Đã xác thực chính thức,Chứng nhận nâng cao,https://tinnhiemmang.vn/danh-ba-tin-nhiem/tiki.vn
tikinow.vn,TikiNOW,Sàn Thương mại điện tử,Đã xác thực chính thức,Chứng nhận cơ bản,https://tinnhiemmang.vn/danh-ba-tin-nhiem/tikinow.vn
tiktok.com,TikTok Inc. / ByteDance,Mạng xã hội & Chat,Đã xác thực chính thức,Chứng nhận nâng cao,https://tinnhiemmang.vn/danh-ba-tin-nhiem/tiktok.com
tiktokshop.com,TikTok Shop Global,Sàn Thương mại điện tử,Đã xác thực chính thức,Chứng nhận cơ bản,https://tinnhiemmang.vn/danh-ba-tin-nhiem/tiktokshop.com
tiktokv.com,TikTok Video CDN,Mạng xã hội & Chat,Đã xác thực chính thức,Chứng nhận cơ bản,https://tinnhiemmang.vn/danh-ba-tin-nhiem/tiktokv.com
tinhte.vn,Mạng xã hội Khoa học Công nghệ Tinh Tế,Mạng xã hội & Chat,Đã xác thực chính thức,Chứng nhận nâng cao,https://tinnhiemmang.vn/danh-ba-tin-nhiem/tinhte.vn
tino.org,CÔNG TY CỔ PHẦN TẬP ĐOÀN TINO,Sàn Thương mại điện tử,08/09/2021,Chứng nhận cơ bản,https://tinnhiemmang.vn/danh-ba-tin-nhiem/tinoorg-1625756534
tinohost.com,CÔNG TY CỔ PHẦN TẬP ĐOÀN TINO,Sàn Thương mại điện tử,08/09/2021,Chứng nhận cơ bản,https://tinnhiemmang.vn/danh-ba-tin-nhiem/tinohostcom-1625756555
topwine.com.vn,Công Ty TNHH TMDV Blue Ocean,Sàn Thương mại điện tử,19/10/2022,Chứng nhận cơ bản,https://tinnhiemmang.vn/danh-ba-tin-nhiem/topwinecomvn-1665918124
topzone.vn,Công ty cổ phần Thế Giới Di Động,Sàn Thương mại điện tử,04/11/2021,Chứng nhận cơ bản,https://tinnhiemmang.vn/danh-ba-tin-nhiem/topzonevn-1635823490
tpos.vn,Công ty Cổ phần Công nghệ Trường Minh Thịnh,Sàn Thương mại điện tử,07/05/2022,Chứng nhận cơ bản,https://tinnhiemmang.vn/danh-ba-tin-nhiem/tposvn-1646969247
trangsucvn.com,Công Ty TNHH Trang Sức Em và Tôi,Sàn Thương mại điện tử,13/12/2021,Chứng nhận cơ bản,https://tinnhiemmang.vn/danh-ba-tin-nhiem/trangsucvncom-1638793236
trungtamthuoc.com,Trung Tâm Thuốc Central Pharmacy,Sàn Thương mại điện tử,16/05/2022,Chứng nhận cơ bản,https://tinnhiemmang.vn/danh-ba-tin-nhiem/trungtamthuoccom-1652251354
truonghao.com,Công ty TNHH THDIGI,Sàn Thương mại điện tử,29/11/2021,Chứng nhận cơ bản,https://tinnhiemmang.vn/danh-ba-tin-nhiem/truonghaocom-1638158266
ttttglobal.com,Công Ty TNHH TTTT Global,Sàn Thương mại điện tử,07/12/2022,Chứng nhận cơ bản,https://tinnhiemmang.vn/danh-ba-tin-nhiem/ttttglobalcom-1670390379
ttttlease.com,Công Ty TNHH TTTT Global,Sàn Thương mại điện tử,15/01/2024,Chứng nhận cơ bản,https://tinnhiemmang.vn/danh-ba-tin-nhiem/ttttleasecom-1673327650
tuannguyenmobile.com,Tuấn Nguyễn Mobile,Sàn Thương mại điện tử,16/01/2023,Chứng nhận cơ bản,https://tinnhiemmang.vn/danh-ba-tin-nhiem/tuannguyenmobilecom-1673518643
twitter.com,X Corp. (Twitter),Mạng xã hội & Chat,Đã xác thực chính thức,Chứng nhận nâng cao,https://tinnhiemmang.vn/danh-ba-tin-nhiem/twitter.com
univn.vn,Công Ty Cổ Phần Uni Creation Việt Nam,Sàn Thương mại điện tử,11/01/2022,Chứng nhận cơ bản,https://tinnhiemmang.vn/danh-ba-tin-nhiem/univnvn-1641811295
ups.com,UPS Việt Nam,Đơn vị Vận chuyển & Logistics,Đã xác thực chính thức,Chứng nhận nâng cao,https://tinnhiemmang.vn/danh-ba-tin-nhiem/ups.com
vanvoiminhhoa.vn,Công ty TNHH MTV Võ Hải Dương,Sàn Thương mại điện tử,15/01/2024,Chứng nhận cơ bản,https://tinnhiemmang.vn/danh-ba-tin-nhiem/vanvoiminhhoavn-1672712953
vattu365.com,Công ty TNHH MTV Võ Hải Dương,Sàn Thương mại điện tử,04/07/2022,Chứng nhận cơ bản,https://tinnhiemmang.vn/danh-ba-tin-nhiem/vattu365com-1656694970
viber.com,Rakuten Viber,Mạng xã hội & Chat,Đã xác thực chính thức,Chứng nhận nâng cao,https://tinnhiemmang.vn/danh-ba-tin-nhiem/viber.com
viendidong.com,Công Ty TNHH Công Nghệ và Đầu Tư Viện Di Động,Sàn Thương mại điện tử,13/10/2022,Chứng nhận cơ bản,https://tinnhiemmang.vn/danh-ba-tin-nhiem/viendidongcom-1664244830
vietnamworks.com,Công ty Cổ phần Navigos Group Việt Nam,Sàn Thương mại điện tử,07/06/2024,Chứng nhận cơ bản,https://tinnhiemmang.vn/danh-ba-tin-nhiem/vietnamworkscom-1717663406
vietnix.vn,Công ty Cổ phần giải pháp và Công nghệ Vietnix,Sàn Thương mại điện tử,12/09/2023,Chứng nhận cơ bản,https://tinnhiemmang.vn/danh-ba-tin-nhiem/vietnixvn-1656566445
viettelpost.com.vn,Tổng Công ty Cổ phần Bưu chính Viettel (Viettel Post),Đơn vị Vận chuyển & Logistics,Đã xác thực chính thức,Chứng nhận nâng cao,https://tinnhiemmang.vn/danh-ba-tin-nhiem/viettelpost.com.vn
viettelpost.vn,Tổng Công ty Cổ phần Bưu chính Viettel (Viettel Post),Đơn vị Vận chuyển & Logistics,Đã xác thực chính thức,Chứng nhận nâng cao,https://tinnhiemmang.vn/danh-ba-tin-nhiem/viettelpost.vn
viettuans.vn,Công Ty TNHH Công Nghệ Việt Tuấn,Sàn Thương mại điện tử,16/11/2022,Chứng nhận cơ bản,https://tinnhiemmang.vn/danh-ba-tin-nhiem/viettuansvn-1668591834
vivutoday.com,VIVUTODAY,Sàn Thương mại điện tử,01/08/2022,Chứng nhận cơ bản,https://tinnhiemmang.vn/danh-ba-tin-nhiem/vivutodaycom-1658125073
vnpost.vn,Tổng Công ty Bưu điện Việt Nam (VNPost),Đơn vị Vận chuyển & Logistics,Đã xác thực chính thức,Chứng nhận nâng cao,https://tinnhiemmang.vn/danh-ba-tin-nhiem/vnpost.vn
vongbingocanh.com,Công Ty CP Vật Tư Thương Mại Ngọc Anh,Sàn Thương mại điện tử,25/03/2022,Chứng nhận cơ bản,https://tinnhiemmang.vn/danh-ba-tin-nhiem/vongbingocanhcom-1648184919
voz.vn,Diễn đàn Công nghệ VOZ (vozForums),Mạng xã hội & Chat,Đã xác thực chính thức,Chứng nhận nâng cao,https://tinnhiemmang.vn/danh-ba-tin-nhiem/voz.vn
vsm.vn,Công ty TNHH Digital Marketing VSM,Sàn Thương mại điện tử,22/07/2022,Chứng nhận cơ bản,https://tinnhiemmang.vn/danh-ba-tin-nhiem/vsmvn-1656568229
vuagym.com,Hộ kinh doanh Vựa Gym,Sàn Thương mại điện tử,23/06/2022,Chứng nhận cơ bản,https://tinnhiemmang.vn/danh-ba-tin-nhiem/vuagymcom-1653307817
wa.me,WhatsApp Short Link,Mạng xã hội & Chat,Đã xác thực chính thức,Chứng nhận nâng cao,https://tinnhiemmang.vn/danh-ba-tin-nhiem/wa.me
web2m.com,Công ty TNHH Thương Mại Và Dịch Vụ FUTE,Sàn Thương mại điện tử,26/07/2022,Chứng nhận cơ bản,https://tinnhiemmang.vn/danh-ba-tin-nhiem/web2mcom-1658547762
webtretho.com,Cộng đồng Webtretho,Mạng xã hội & Chat,Đã xác thực chính thức,Chứng nhận cơ bản,https://tinnhiemmang.vn/danh-ba-tin-nhiem/webtretho.com
whatsapp.com,Meta WhatsApp,Mạng xã hội & Chat,Đã xác thực chính thức,Chứng nhận nâng cao,https://tinnhiemmang.vn/danh-ba-tin-nhiem/whatsapp.com
wininvoice.vn,Công ty TNHH Win Tech Solution,Sàn Thương mại điện tử,29/11/2022,Chứng nhận cơ bản,https://tinnhiemmang.vn/danh-ba-tin-nhiem/wininvoicevn-1669374485
wiza.vn,Công Ty TNHH Thương Mại Dịch Vụ Halink,Sàn Thương mại điện tử,22/06/2022,Chứng nhận cơ bản,https://tinnhiemmang.vn/danh-ba-tin-nhiem/wizavn-1653729436
x.com,X Corp. (Twitter),Mạng xã hội & Chat,Đã xác thực chính thức,Chứng nhận nâng cao,https://tinnhiemmang.vn/danh-ba-tin-nhiem/x.com
xadaqua.com,XADAQUA - XÀI ĐÃ QUÁ,Sàn Thương mại điện tử,13/03/2023,Chứng nhận cơ bản,https://tinnhiemmang.vn/danh-ba-tin-nhiem/xadaquacom-1644995678
xuyenvietmedia.com,Công ty TNHH Thương Mại Dịch Vụ Xuyên Việt Media,Sàn Thương mại điện tử,22/09/2022,Chứng nhận cơ bản,https://tinnhiemmang.vn/danh-ba-tin-nhiem/xuyenvietmediacom-1663301778
youtu.be,YouTube Short Link,Mạng xã hội & Chat,Đã xác thực chính thức,Chứng nhận nâng cao,https://tinnhiemmang.vn/danh-ba-tin-nhiem/youtu.be
youtube.com,Google LLC (YouTube),Mạng xã hội & Chat,Đã xác thực chính thức,Chứng nhận nâng cao,https://tinnhiemmang.vn/danh-ba-tin-nhiem/youtube.com
z.com,Công Ty Cổ Phần GMO-Z.com RUNSYSTEM,Sàn Thương mại điện tử,22/11/2022,Chứng nhận cơ bản,https://tinnhiemmang.vn/danh-ba-tin-nhiem/zcom-1669089178
zalo.cloud,Zalo Cloud Services,Mạng xã hội & Chat,Đã xác thực chính thức,Chứng nhận cơ bản,https://tinnhiemmang.vn/danh-ba-tin-nhiem/zalo.cloud
zalo.me,Zalo (Công ty Cổ phần VNG),Mạng xã hội & Chat,Đã xác thực chính thức,Chứng nhận nâng cao,https://tinnhiemmang.vn/danh-ba-tin-nhiem/zalo.me
zalo.vn,Zalo Việt Nam,Mạng xã hội & Chat,Đã xác thực chính thức,Chứng nhận nâng cao,https://tinnhiemmang.vn/danh-ba-tin-nhiem/zalo.vn
zaloapp.com,Zalo App Platform,Mạng xã hội & Chat,Đã xác thực chính thức,Chứng nhận nâng cao,https://tinnhiemmang.vn/danh-ba-tin-nhiem/zaloapp.com
zozo.vn,Công Ty TNHH Phần Mềm Zozo,Sàn Thương mại điện tử,21/01/2022,Chứng nhận cơ bản,https://tinnhiemmang.vn/danh-ba-tin-nhiem/zozovn-1642498177
bdsvinh.com.vn,Công Ty TNHH Bất Động Sản KKBS,Sàn Thương mại điện tử,10/11/2022,Chứng nhận cơ bản,https://tinnhiemmang.vn/danh-ba-tin-nhiem/bdsvinhcomvn-1668051073
bmsglobal.vn,Công ty TNHH BMS Global,Sàn Thương mại điện tử,10/05/2022,Chứng nhận cơ bản,https://tinnhiemmang.vn/danh-ba-tin-nhiem/bmsglobalvn-1651629642
cdninstagram.com,Instagram CDN,Mạng xã hội & Chat,Đã xác thực chính thức,Chứng nhận cơ bản,https://tinnhiemmang.vn/danh-ba-tin-nhiem/cdninstagram.com
clicksend.vn,Công Ty TNHH Công Nghệ Flick,Sàn Thương mại điện tử,18/10/2022,Chứng nhận cơ bản,https://tinnhiemmang.vn/danh-ba-tin-nhiem/clicksendvn-1665900485
dhl.com.vn,DHL Express Việt Nam,Đơn vị Vận chuyển & Logistics,Đã xác thực chính thức,Chứng nhận nâng cao,https://tinnhiemmang.vn/danh-ba-tin-nhiem/dhl.com.vn
en-lideehaus.com,CÔNG TY TNHH LIDEE HAUS,Sàn Thương mại điện tử,10/10/2022,Chứng nhận cơ bản,https://tinnhiemmang.vn/danh-ba-tin-nhiem/en-lideehauscom-1665391963
erp.5ky.vn,Công Ty TNHH Thẩm Mỹ Viện Auto Năm Kỹ,Sàn Thương mại điện tử,12/08/2022,Chứng nhận cơ bản,https://tinnhiemmang.vn/danh-ba-tin-nhiem/erp5kyvn-1658717796
facebook.net,Facebook CDN & SDK,Mạng xã hội & Chat,Đã xác thực chính thức,Chứng nhận cơ bản,https://tinnhiemmang.vn/danh-ba-tin-nhiem/facebook.net
fahatech.com,Công Ty TNHH Fahatech,Sàn Thương mại điện tử,25/05/2022,Chứng nhận cơ bản,https://tinnhiemmang.vn/danh-ba-tin-nhiem/fahatechcom-1652067265
grabexpress.com,GrabExpress Global,Đơn vị Vận chuyển & Logistics,Đã xác thực chính thức,Chứng nhận cơ bản,https://tinnhiemmang.vn/danh-ba-tin-nhiem/grabexpress.com
jtexpress.com.vn,J&T Express Việt Nam,Đơn vị Vận chuyển & Logistics,Đã xác thực chính thức,Chứng nhận nâng cao,https://tinnhiemmang.vn/danh-ba-tin-nhiem/jtexpress.com.vn
khangthinh.vn,Công ty TNHH sản xuất và thương mại Khang Thịnh,Sàn Thương mại điện tử,30/11/2022,Chứng nhận cơ bản,https://tinnhiemmang.vn/danh-ba-tin-nhiem/khangthinhvn-1669795278
ktdb.vn,Công Ty Cổ Phần Truyền Thông 1Z Networks,Sàn Thương mại điện tử,04/04/2022,Chứng nhận cơ bản,https://tinnhiemmang.vn/danh-ba-tin-nhiem/ktdbvn-1647961838
lasonfa.vn,Lasonfa,Sàn Thương mại điện tử,15/11/2022,Chứng nhận cơ bản,https://tinnhiemmang.vn/danh-ba-tin-nhiem/lasonfavn-1668261911
licdn.com,LinkedIn CDN,Mạng xã hội & Chat,Đã xác thực chính thức,Chứng nhận cơ bản,https://tinnhiemmang.vn/danh-ba-tin-nhiem/licdn.com
mpdermatology.vn,Công ty TNHH MP HCMC,Sàn Thương mại điện tử,06/06/2022,Chứng nhận cơ bản,https://tinnhiemmang.vn/danh-ba-tin-nhiem/mpdermatologyvn-1654227765
sendopay.vn,Ví SendoPay,Sàn Thương mại điện tử,Đã xác thực chính thức,Chứng nhận cơ bản,https://tinnhiemmang.vn/danh-ba-tin-nhiem/sendopay.vn
taogiare.vn,Hộ Kinh doanh Kênh Mobile,Sàn Thương mại điện tử,07/11/2022,Chứng nhận cơ bản,https://tinnhiemmang.vn/danh-ba-tin-nhiem/taogiarevn-1667189410
thuongtindigital.com,Công Ty TNHH Thương Mại Và Dịch Vụ Thượng Tín Digital,Sàn Thương mại điện tử,22/11/2022,Chứng nhận cơ bản,https://tinnhiemmang.vn/danh-ba-tin-nhiem/thuongtindigitalcom-1668082894
tikicorp.vn,Tiki Corporation,Sàn Thương mại điện tử,Đã xác thực chính thức,Chứng nhận cơ bản,https://tinnhiemmang.vn/danh-ba-tin-nhiem/tikicorp.vn
tikitrading.vn,Tiki Trading,Sàn Thương mại điện tử,Đã xác thực chính thức,Chứng nhận cơ bản,https://tinnhiemmang.vn/danh-ba-tin-nhiem/tikitrading.vn
tiktokcdn.com,TikTok Content Delivery Network,Mạng xã hội & Chat,Đã xác thực chính thức,Chứng nhận cơ bản,https://tinnhiemmang.vn/danh-ba-tin-nhiem/tiktokcdn.com
tourdulichquangbinh.vn,Công Ty TNHH Du Lịch Thám Hiểm Phong Nha,Sàn Thương mại điện tử,29/11/2021,Chứng nhận cơ bản,https://tinnhiemmang.vn/danh-ba-tin-nhiem/tourdulichquangbinhvn-1637552673
tradeline.vn,Công ty Cổ Phần Tradeline Việt Nam,Sàn Thương mại điện tử,13/09/2022,Chứng nhận cơ bản,https://tinnhiemmang.vn/danh-ba-tin-nhiem/tradelinevn-1662626977
vivaweb.vn,Công Ty TNHH Thương Mại Dịch Vụ Halink,Sàn Thương mại điện tử,22/06/2022,Chứng nhận cơ bản,https://tinnhiemmang.vn/danh-ba-tin-nhiem/vivawebvn-1653729421
vtpost.vn,Viettel Post,Đơn vị Vận chuyển & Logistics,Đã xác thực chính thức,Chứng nhận cơ bản,https://tinnhiemmang.vn/danh-ba-tin-nhiem/vtpost.vn
ytimg.com,YouTube Images CDN,Mạng xã hội & Chat,Đã xác thực chính thức,Chứng nhận cơ bản,https://tinnhiemmang.vn/danh-ba-tin-nhiem/ytimg.com
