domain,website_url,category,category_url
3w-logistics.com,http://3w-logistics.com,Vận Tải Đường Hàng Không,https://trangvangvietnam.com/categories/12560/van-tai-duong-hang-khong.html
769audio.vn,http://769audio.vn,"ánh Sáng - Đèn Sân Khấu Và Thiết Bị Sân Khấu (Máy Khói, Máy Phun Lửa,.)","https://trangvangvietnam.com/categories/142660/anh-sang-den-san-khau-va-thiet-bi-san-khau-(may-khoi-may-phun-lua,.).html"
aaajeans.com,http://aaajeans.com,"May Sẵn - Quần Kaki, Quần Jean",https://trangvangvietnam.com/categories/288280/may-san-quan-kaki-quan-jean.html
ab-logistics.vn,http://ab-logistics.vn,Xuất Nhập Khẩu - Các Công Ty Xuất Nhập Khẩu,https://trangvangvietnam.com/categories/129310/xuat-nhap-khau-cac-cong-ty-xuat-nhap-khau.html
acquy.info,http://acquy.info,ắc Quy - Phục Chế và Sửa Chữa,https://trangvangvietnam.com/categories/291295/ac-quy-phuc-che-va-sua-chua.html
acquyducvan.com,http://acquyducvan.com,ắc Quy - Phục Chế và Sửa Chữa,https://trangvangvietnam.com/categories/291295/ac-quy-phuc-che-va-sua-chua.html
acquyhanoi.com.vn,https://acquyhanoi.com.vn,ắc Quy - Phục Chế và Sửa Chữa,https://trangvangvietnam.com/categories/291295/ac-quy-phuc-che-va-sua-chua.html
acquyhanoi365.com,http://acquyhanoi365.com,ắc Quy - Phục Chế và Sửa Chữa,https://trangvangvietnam.com/categories/291295/ac-quy-phuc-che-va-sua-chua.html
acquyhoabinhphat.com,http://acquyhoabinhphat.com,ắc Quy - Phục Chế và Sửa Chữa,https://trangvangvietnam.com/categories/291295/ac-quy-phuc-che-va-sua-chua.html
acquyphuocdat.com,http://acquyphuocdat.com,ắc Quy - Phục Chế và Sửa Chữa,https://trangvangvietnam.com/categories/291295/ac-quy-phuc-che-va-sua-chua.html
acquythanhphatdat.com,http://acquythanhphatdat.com,ắc Quy - Phục Chế và Sửa Chữa,https://trangvangvietnam.com/categories/291295/ac-quy-phuc-che-va-sua-chua.html
agsupply.com.vn,https://agsupply.com.vn,Vận Tải Đường Hàng Không,https://trangvangvietnam.com/categories/12560/van-tai-duong-hang-khong.html
amthanhanhsangnhacviet.com,http://amthanhanhsangnhacviet.com,"ánh Sáng - Đèn Sân Khấu Và Thiết Bị Sân Khấu (Máy Khói, Máy Phun Lửa,.)","https://trangvangvietnam.com/categories/142660/anh-sang-den-san-khau-va-thiet-bi-san-khau-(may-khoi-may-phun-lua,.).html"
amtvina.com,http://amtvina.com,Khuôn Mẫu - Linh Phụ Kiện Khuôn Mẫu,https://trangvangvietnam.com/categories/154460/khuon-mau-linh-phu-kien-khuon-mau.html
anctransport.com,http://www.anctransport.com,Vận Tải Đường Hàng Không,https://trangvangvietnam.com/categories/12560/van-tai-duong-hang-khong.html
anhkimlog.com.vn,http://anhkimlog.com.vn,Xuất Nhập Khẩu - Các Công Ty Xuất Nhập Khẩu,https://trangvangvietnam.com/categories/129310/xuat-nhap-khau-cac-cong-ty-xuat-nhap-khau.html
anhminhsocks.com.vn,http://anhminhsocks.com.vn,Dệt Kim - Sản Phẩm,https://trangvangvietnam.com/categories/136110/det-kim-san-pham.html
ann.com.vn,http://ann.com.vn,"May Sẵn - Quần Kaki, Quần Jean",https://trangvangvietnam.com/categories/288280/may-san-quan-kaki-quan-jean.html
aomuatanhungphong.com.vn,http://aomuatanhungphong.com.vn,"Màng EVA, Màng PEVA",https://trangvangvietnam.com/categories/3092311/mang-eva-mang-peva.html
artex.com.vn,http://www.artex.com.vn,Xuất Nhập Khẩu - Các Công Ty Xuất Nhập Khẩu,https://trangvangvietnam.com/categories/129310/xuat-nhap-khau-cac-cong-ty-xuat-nhap-khau.html
asiagas.com.vn,http://asiagas.com.vn,"Bếp Gas - Linh, Phụ Kiện Bếp Gas",https://trangvangvietnam.com/categories/113070/bep-gas-linh-phu-kien-bep-gas.html
asmgroup.vn,http://asmgroup.vn,Vận Tải Đường Hàng Không,https://trangvangvietnam.com/categories/12560/van-tai-duong-hang-khong.html
autech-vn.com,http://autech-vn.com,Khuôn Mẫu - Linh Phụ Kiện Khuôn Mẫu,https://trangvangvietnam.com/categories/154460/khuon-mau-linh-phu-kien-khuon-mau.html
azmarine.vn,http://azmarine.vn,"An Toàn Sông Nước - Phao, áo phao,..","https://trangvangvietnam.com/categories/484435/an-toan-song-nuoc-phao-ao-phao,...html"
bahung.com,http://bahung.com,"ánh Sáng - Đèn Sân Khấu Và Thiết Bị Sân Khấu (Máy Khói, Máy Phun Lửa,.)","https://trangvangvietnam.com/categories/142660/anh-sang-den-san-khau-va-thiet-bi-san-khau-(may-khoi-may-phun-lua,.).html"
bamatrans.com.vn,http://bamatrans.com.vn,Vận Tải Đa Phương Thức,https://trangvangvietnam.com/categories/487078/van-tai-da-phuong-thuc.html
baobihoaphatdat.com,http://baobihoaphatdat.com,Màng CPE,https://trangvangvietnam.com/categories/3092524/mang-cpe.html
baoholaodongdaian.com,http://www.baoholaodongdaian.com,"An Toàn Sông Nước - Phao, áo phao,..","https://trangvangvietnam.com/categories/484435/an-toan-song-nuoc-phao-ao-phao,...html"
baoholaodongminhxuan.com,http://baoholaodongminhxuan.com,"An Toàn Sông Nước - Phao, áo phao,..","https://trangvangvietnam.com/categories/484435/an-toan-song-nuoc-phao-ao-phao,...html"
baovan.com.vn,https://baovan.com.vn,Vận Tải Đường Hàng Không,https://trangvangvietnam.com/categories/12560/van-tai-duong-hang-khong.html
bepgashuuthang.vn,http://bepgashuuthang.vn,"Bếp Gas - Linh, Phụ Kiện Bếp Gas",https://trangvangvietnam.com/categories/113070/bep-gas-linh-phu-kien-bep-gas.html
bepgasmytanan.com,http://bepgasmytanan.com,"Bếp Gas - Linh, Phụ Kiện Bếp Gas",https://trangvangvietnam.com/categories/113070/bep-gas-linh-phu-kien-bep-gas.html
biglog.vn,http://biglog.vn,Xuất Nhập Khẩu - Các Công Ty Xuất Nhập Khẩu,https://trangvangvietnam.com/categories/129310/xuat-nhap-khau-cac-cong-ty-xuat-nhap-khau.html
bigsun.com.vn,http://bigsun.com.vn,ấm Điện,https://trangvangvietnam.com/categories/486835/am-dien.html
biloco.com.vn,http://biloco.com.vn,"Nước - Thầu Cấp, Thoát Nước",https://trangvangvietnam.com/categories/256260/nuoc-thau-cap-thoat-nuoc.html
bina.com.vn,http://bina.com.vn,"Màng EVA, Màng PEVA",https://trangvangvietnam.com/categories/3092311/mang-eva-mang-peva.html
binhdienxenang48v.com,http://binhdienxenang48v.com,ắc Quy - Phục Chế và Sửa Chữa,https://trangvangvietnam.com/categories/291295/ac-quy-phuc-che-va-sua-chua.html
binhnguyenlogistics.com,http://binhnguyenlogistics.com,Vận Tải Đa Phương Thức,https://trangvangvietnam.com/categories/487078/van-tai-da-phuong-thuc.html
bit.ly,http://bit.ly/3kaRZLK,Xuất Nhập Khẩu - Các Công Ty Xuất Nhập Khẩu,https://trangvangvietnam.com/categories/129310/xuat-nhap-khau-cac-cong-ty-xuat-nhap-khau.html
biwase.com.vn,http://www.biwase.com.vn,"Nước - Thầu Cấp, Thoát Nước",https://trangvangvietnam.com/categories/256260/nuoc-thau-cap-thoat-nuoc.html
bizmen.vn,http://bizmen.vn,Dệt Kim - Sản Phẩm,https://trangvangvietnam.com/categories/136110/det-kim-san-pham.html
bulongchian.com,http://bulongchian.com,Khuôn Mẫu - Linh Phụ Kiện Khuôn Mẫu,https://trangvangvietnam.com/categories/154460/khuon-mau-linh-phu-kien-khuon-mau.html
bwaco.com.vn,http://bwaco.com.vn,"Nước - Thầu Cấp, Thoát Nước",https://trangvangvietnam.com/categories/256260/nuoc-thau-cap-thoat-nuoc.html
capnuoclongan.com,http://capnuoclongan.com,"Nước - Thầu Cấp, Thoát Nước",https://trangvangvietnam.com/categories/256260/nuoc-thau-cap-thoat-nuoc.html
cgco.com.vn,http://cgco.com.vn,"Nước - Thầu Cấp, Thoát Nước",https://trangvangvietnam.com/categories/256260/nuoc-thau-cap-thoat-nuoc.html
coimexvn.com.vn,http://coimexvn.com.vn,Xuất Nhập Khẩu - Các Công Ty Xuất Nhập Khẩu,https://trangvangvietnam.com/categories/129310/xuat-nhap-khau-cac-cong-ty-xuat-nhap-khau.html
cokhiglobal.com,http://cokhiglobal.com,Khuôn Mẫu - Linh Phụ Kiện Khuôn Mẫu,https://trangvangvietnam.com/categories/154460/khuon-mau-linh-phu-kien-khuon-mau.html
cokhitienhuy.com,http://cokhitienhuy.com,Khuôn Mẫu - Linh Phụ Kiện Khuôn Mẫu,https://trangvangvietnam.com/categories/154460/khuon-mau-linh-phu-kien-khuon-mau.html
congnghenhadep.com,http://congnghenhadep.com,"ánh Sáng - Đèn Sân Khấu Và Thiết Bị Sân Khấu (Máy Khói, Máy Phun Lửa,.)","https://trangvangvietnam.com/categories/142660/anh-sang-den-san-khau-va-thiet-bi-san-khau-(may-khoi-may-phun-lua,.).html"
congnghieptht.com,http://congnghieptht.com,Khuôn Mẫu - Linh Phụ Kiện Khuôn Mẫu,https://trangvangvietnam.com/categories/154460/khuon-mau-linh-phu-kien-khuon-mau.html
ctnkh.com.vn,http://www.ctnkh.com.vn,"Nước - Thầu Cấp, Thoát Nước",https://trangvangvietnam.com/categories/256260/nuoc-thau-cap-thoat-nuoc.html
ctnqnam.com.vn,http://ctnqnam.com.vn,"Nước - Thầu Cấp, Thoát Nước",https://trangvangvietnam.com/categories/256260/nuoc-thau-cap-thoat-nuoc.html
daiquang.com.vn,http://daiquang.com.vn,"Nước - Thầu Cấp, Thoát Nước",https://trangvangvietnam.com/categories/256260/nuoc-thau-cap-thoat-nuoc.html
danangmedia.vn,http://danangmedia.vn,"ánh Sáng - Đèn Sân Khấu Và Thiết Bị Sân Khấu (Máy Khói, Máy Phun Lửa,.)","https://trangvangvietnam.com/categories/142660/anh-sang-den-san-khau-va-thiet-bi-san-khau-(may-khoi-may-phun-lua,.).html"
danko.com.vn,https://danko.com.vn,Vận Tải Đường Hàng Không,https://trangvangvietnam.com/categories/12560/van-tai-duong-hang-khong.html
danme.vn,http://danme.vn,"Nước - Thầu Cấp, Thoát Nước",https://trangvangvietnam.com/categories/256260/nuoc-thau-cap-thoat-nuoc.html
dbschenker.vn,http://dbschenker.vn,Vận Tải Đường Hàng Không,https://trangvangvietnam.com/categories/12560/van-tai-duong-hang-khong.html
decofi.vn,http://decofi.vn,"Nước - Thầu Cấp, Thoát Nước",https://trangvangvietnam.com/categories/256260/nuoc-thau-cap-thoat-nuoc.html
densankhaucq.com,http://densankhaucq.com,"ánh Sáng - Đèn Sân Khấu Và Thiết Bị Sân Khấu (Máy Khói, Máy Phun Lửa,.)","https://trangvangvietnam.com/categories/142660/anh-sang-den-san-khau-va-thiet-bi-san-khau-(may-khoi-may-phun-lua,.).html"
dichvucongichq7.com,http://www.dichvucongichq7.com,"Nước - Thầu Cấp, Thoát Nước",https://trangvangvietnam.com/categories/256260/nuoc-thau-cap-thoat-nuoc.html
dichvudothi.com,http://dichvudothi.com,Tiêu hủy hàng hóa - Dịch vụ tiêu hủy hàng hóa,https://trangvangvietnam.com/categories/3092281/tieu-huy-hang-hoa-dich-vu-tieu-huy-hang-hoa.html
dienmaycholon.vn,http://www.dienmaycholon.vn,ấm Điện,https://trangvangvietnam.com/categories/486835/am-dien.html
dientulinhanh.com,http://dientulinhanh.com,"ánh Sáng - Đèn Sân Khấu Và Thiết Bị Sân Khấu (Máy Khói, Máy Phun Lửa,.)","https://trangvangvietnam.com/categories/142660/anh-sang-den-san-khau-va-thiet-bi-san-khau-(may-khoi-may-phun-lua,.).html"
dinghonggmt.com,http://dinghonggmt.com,Khuôn Mẫu - Linh Phụ Kiện Khuôn Mẫu,https://trangvangvietnam.com/categories/154460/khuon-mau-linh-phu-kien-khuon-mau.html
dohomevietnam.com,http://dohomevietnam.com,"Nước - Thầu Cấp, Thoát Nước",https://trangvangvietnam.com/categories/256260/nuoc-thau-cap-thoat-nuoc.html
dolphinseaair.com,http://dolphinseaair.com,Vận Tải Đường Hàng Không,https://trangvangvietnam.com/categories/12560/van-tai-duong-hang-khong.html
donasco.com.vn,http://donasco.com.vn,Vận Tải Đường Hàng Không,https://trangvangvietnam.com/categories/12560/van-tai-duong-hang-khong.html
dongduong-co.vn,http://dongduong-co.vn,Khuôn Mẫu - Linh Phụ Kiện Khuôn Mẫu,https://trangvangvietnam.com/categories/154460/khuon-mau-linh-phu-kien-khuon-mau.html
dothiduchoa.com,http://dothiduchoa.com,"Nước - Thầu Cấp, Thoát Nước",https://trangvangvietnam.com/categories/256260/nuoc-thau-cap-thoat-nuoc.html
draco.vn,http://draco.vn,Vận Tải Đường Hàng Không,https://trangvangvietnam.com/categories/12560/van-tai-duong-hang-khong.html
duchungco.com,http://duchungco.com,"Nước - Thầu Cấp, Thoát Nước",https://trangvangvietnam.com/categories/256260/nuoc-thau-cap-thoat-nuoc.html
duchunglong.vn,http://duchunglong.vn,"Bếp Gas - Linh, Phụ Kiện Bếp Gas",https://trangvangvietnam.com/categories/113070/bep-gas-linh-phu-kien-bep-gas.html
ducthuong.com.vn,http://ducthuong.com.vn,"ánh Sáng - Đèn Sân Khấu Và Thiết Bị Sân Khấu (Máy Khói, Máy Phun Lửa,.)","https://trangvangvietnam.com/categories/142660/anh-sang-den-san-khau-va-thiet-bi-san-khau-(may-khoi-may-phun-lua,.).html"
dulichhanhtrinhxanh.com,http://dulichhanhtrinhxanh.com,Xuất Nhập Khẩu - Các Công Ty Xuất Nhập Khẩu,https://trangvangvietnam.com/categories/129310/xuat-nhap-khau-cac-cong-ty-xuat-nhap-khau.html
duyphong.vn,http://duyphong.vn,Khuôn Mẫu - Linh Phụ Kiện Khuôn Mẫu,https://trangvangvietnam.com/categories/154460/khuon-mau-linh-phu-kien-khuon-mau.html
dxaudio.vn,http://dxaudio.vn,"ánh Sáng - Đèn Sân Khấu Và Thiết Bị Sân Khấu (Máy Khói, Máy Phun Lửa,.)","https://trangvangvietnam.com/categories/142660/anh-sang-den-san-khau-va-thiet-bi-san-khau-(may-khoi-may-phun-lua,.).html"
everfinest.com,http://everfinest.com,Khuôn Mẫu - Linh Phụ Kiện Khuôn Mẫu,https://trangvangvietnam.com/categories/154460/khuon-mau-linh-phu-kien-khuon-mau.html
everichvietnam.com,http://everichvietnam.com,Vận Tải Đa Phương Thức,https://trangvangvietnam.com/categories/487078/van-tai-da-phuong-thuc.html
evgroup.vn,http://evgroup.vn,"ánh Sáng - Đèn Sân Khấu Và Thiết Bị Sân Khấu (Máy Khói, Máy Phun Lửa,.)","https://trangvangvietnam.com/categories/142660/anh-sang-den-san-khau-va-thiet-bi-san-khau-(may-khoi-may-phun-lua,.).html"
fatex.vn,http://fatex.vn,Dệt Kim - Sản Phẩm,https://trangvangvietnam.com/categories/136110/det-kim-san-pham.html
fdivn.com,http://www.fdivn.com,Vận Tải Đường Hàng Không,https://trangvangvietnam.com/categories/12560/van-tai-duong-hang-khong.html
firsthublogistics.com,https://firsthublogistics.com,Xuất Nhập Khẩu - Các Công Ty Xuất Nhập Khẩu,https://trangvangvietnam.com/categories/129310/xuat-nhap-khau-cac-cong-ty-xuat-nhap-khau.html
gasbanmai.com,http://gasbanmai.com,"Bếp Gas - Linh, Phụ Kiện Bếp Gas",https://trangvangvietnam.com/categories/113070/bep-gas-linh-phu-kien-bep-gas.html
gaspetrolimex.vn,http://gaspetrolimex.vn,"Bếp Gas - Linh, Phụ Kiện Bếp Gas",https://trangvangvietnam.com/categories/113070/bep-gas-linh-phu-kien-bep-gas.html
giasiaothun.com,http://www.giasiaothun.com,"May Sẵn - Quần Kaki, Quần Jean",https://trangvangvietnam.com/categories/288280/may-san-quan-kaki-quan-jean.html
gigalane.com,http://gigalane.com,Ăng Ten,https://trangvangvietnam.com/categories/16860/ang-ten.html
glotransvn.com.vn,http://glotransvn.com.vn,Vận Tải Đa Phương Thức,https://trangvangvietnam.com/categories/487078/van-tai-da-phuong-thuc.html
gmmdl.com.vn,http://gmmdl.com.vn,Khuôn Mẫu - Linh Phụ Kiện Khuôn Mẫu,https://trangvangvietnam.com/categories/154460/khuon-mau-linh-phu-kien-khuon-mau.html
goldenlog.com.vn,http://www.goldenlog.com.vn,Vận Tải Đa Phương Thức,https://trangvangvietnam.com/categories/487078/van-tai-da-phuong-thuc.html
greenview.vn,http://greenview.vn,Tiêu hủy hàng hóa - Dịch vụ tiêu hủy hàng hóa,https://trangvangvietnam.com/categories/3092281/tieu-huy-hang-hoa-dich-vu-tieu-huy-hang-hoa.html
grlogs.com,http://grlogs.com,Vận Tải Đa Phương Thức,https://trangvangvietnam.com/categories/487078/van-tai-da-phuong-thuc.html
hachihachi.com.vn,http://hachihachi.com.vn,Xuất Nhập Khẩu - Các Công Ty Xuất Nhập Khẩu,https://trangvangvietnam.com/categories/129310/xuat-nhap-khau-cac-cong-ty-xuat-nhap-khau.html
hafasco.com.vn,http://hafasco.com.vn,Dệt Kim - Sản Phẩm,https://trangvangvietnam.com/categories/136110/det-kim-san-pham.html
haianhtex.com,http://haianhtex.com,Dệt Kim - Sản Phẩm,https://trangvangvietnam.com/categories/136110/det-kim-san-pham.html
haikayak.com,http://haikayak.com,"An Toàn Sông Nước - Phao, áo phao,..","https://trangvangvietnam.com/categories/484435/an-toan-song-nuoc-phao-ao-phao,...html"
haithanh.com.vn,http://haithanh.com.vn,"Bếp Gas - Linh, Phụ Kiện Bếp Gas",https://trangvangvietnam.com/categories/113070/bep-gas-linh-phu-kien-bep-gas.html
haliti.com.vn,http://haliti.com.vn,"ánh Sáng - Đèn Sân Khấu Và Thiết Bị Sân Khấu (Máy Khói, Máy Phun Lửa,.)","https://trangvangvietnam.com/categories/142660/anh-sang-den-san-khau-va-thiet-bi-san-khau-(may-khoi-may-phun-lua,.).html"
hanosimex.com.vn,http://hanosimex.com.vn,Dệt Kim - Sản Phẩm,https://trangvangvietnam.com/categories/136110/det-kim-san-pham.html
hanotrans.com.vn,http://hanotrans.com.vn,Vận Tải Đường Hàng Không,https://trangvangvietnam.com/categories/12560/van-tai-duong-hang-khong.html
hansae.com,http://www.hansae.com,"May Sẵn - Quần Kaki, Quần Jean",https://trangvangvietnam.com/categories/288280/may-san-quan-kaki-quan-jean.html
hanteco.vn,https://hanteco.vn,"An Toàn Sông Nước - Phao, áo phao,..","https://trangvangvietnam.com/categories/484435/an-toan-song-nuoc-phao-ao-phao,...html"
haoquanggroup.com,http://haoquanggroup.com,"ánh Sáng - Đèn Sân Khấu Và Thiết Bị Sân Khấu (Máy Khói, Máy Phun Lửa,.)","https://trangvangvietnam.com/categories/142660/anh-sang-den-san-khau-va-thiet-bi-san-khau-(may-khoi-may-phun-lua,.).html"
haprosimexjsc.com,http://haprosimexjsc.com,Xuất Nhập Khẩu - Các Công Ty Xuất Nhập Khẩu,https://trangvangvietnam.com/categories/129310/xuat-nhap-khau-cac-cong-ty-xuat-nhap-khau.html
hichi.com.vn,http://hichi.com.vn,Khuôn Mẫu - Linh Phụ Kiện Khuôn Mẫu,https://trangvangvietnam.com/categories/154460/khuon-mau-linh-phu-kien-khuon-mau.html
hoangnghia.com,http://hoangnghia.com,"An Toàn Sông Nước - Phao, áo phao,..","https://trangvangvietnam.com/categories/484435/an-toan-song-nuoc-phao-ao-phao,...html"
hoangthelong.vn,http://hoangthelong.vn,"ánh Sáng - Đèn Sân Khấu Và Thiết Bị Sân Khấu (Máy Khói, Máy Phun Lửa,.)","https://trangvangvietnam.com/categories/142660/anh-sang-den-san-khau-va-thiet-bi-san-khau-(may-khoi-may-phun-lua,.).html"
hoangtoanaudio.com,http://hoangtoanaudio.com,"ánh Sáng - Đèn Sân Khấu Và Thiết Bị Sân Khấu (Máy Khói, Máy Phun Lửa,.)","https://trangvangvietnam.com/categories/142660/anh-sang-den-san-khau-va-thiet-bi-san-khau-(may-khoi-may-phun-lua,.).html"
hoangtung.com.vn,http://hoangtung.com.vn,"ánh Sáng - Đèn Sân Khấu Và Thiết Bị Sân Khấu (Máy Khói, Máy Phun Lửa,.)","https://trangvangvietnam.com/categories/142660/anh-sang-den-san-khau-va-thiet-bi-san-khau-(may-khoi-may-phun-lua,.).html"
hoavy.vn,http://hoavy.vn,Màng CPE,https://trangvangvietnam.com/categories/3092524/mang-cpe.html
hongvina.com,http://hongvina.com,"Bếp Gas - Linh, Phụ Kiện Bếp Gas",https://trangvangvietnam.com/categories/113070/bep-gas-linh-phu-kien-bep-gas.html
hqquilt.com,https://hqquilt.com,Dệt Kim - Sản Phẩm,https://trangvangvietnam.com/categories/136110/det-kim-san-pham.html
hungalogistics.com,http://hungalogistics.com,Vận Tải Đường Hàng Không,https://trangvangvietnam.com/categories/12560/van-tai-duong-hang-khong.html
hungthinhphatdn.com,http://hungthinhphatdn.com,Vận Tải Đường Hàng Không,https://trangvangvietnam.com/categories/12560/van-tai-duong-hang-khong.html
hydrotech.vn,http://hydrotech.vn,"Nước - Thầu Cấp, Thoát Nước",https://trangvangvietnam.com/categories/256260/nuoc-thau-cap-thoat-nuoc.html
incotrans.com.vn,http://www.incotrans.com.vn,Vận Tải Đa Phương Thức,https://trangvangvietnam.com/categories/487078/van-tai-da-phuong-thuc.html
infinitylog.com.vn,http://infinitylog.com.vn,Vận Tải Đường Hàng Không,https://trangvangvietnam.com/categories/12560/van-tai-duong-hang-khong.html
inmas.com.vn,http://inmas.com.vn,Khuôn Mẫu - Linh Phụ Kiện Khuôn Mẫu,https://trangvangvietnam.com/categories/154460/khuon-mau-linh-phu-kien-khuon-mau.html
innomotekgroup.com,http://innomotekgroup.com,Khuôn Mẫu - Linh Phụ Kiện Khuôn Mẫu,https://trangvangvietnam.com/categories/154460/khuon-mau-linh-phu-kien-khuon-mau.html
ipologistics.com,http://ipologistics.com,Vận Tải Đa Phương Thức,https://trangvangvietnam.com/categories/487078/van-tai-da-phuong-thuc.html
jeansresource.com,http://jeansresource.com,"May Sẵn - Quần Kaki, Quần Jean",https://trangvangvietnam.com/categories/288280/may-san-quan-kaki-quan-jean.html
jeanthuanhai.com,http://jeanthuanhai.com,"May Sẵn - Quần Kaki, Quần Jean",https://trangvangvietnam.com/categories/288280/may-san-quan-kaki-quan-jean.html
khaithuehaiquanbinhduong.com,https://khaithuehaiquanbinhduong.com,Xuất Nhập Khẩu - Các Công Ty Xuất Nhập Khẩu,https://trangvangvietnam.com/categories/129310/xuat-nhap-khau-cac-cong-ty-xuat-nhap-khau.html
khoathinh.com,http://www.khoathinh.com,Khuôn Mẫu - Linh Phụ Kiện Khuôn Mẫu,https://trangvangvietnam.com/categories/154460/khuon-mau-linh-phu-kien-khuon-mau.html
khuonmauhoanganh.bizz.vn,http://khuonmauhoanganh.bizz.vn,Khuôn Mẫu - Linh Phụ Kiện Khuôn Mẫu,https://trangvangvietnam.com/categories/154460/khuon-mau-linh-phu-kien-khuon-mau.html
khuonmauthainam.com,http://khuonmauthainam.com,Khuôn Mẫu - Linh Phụ Kiện Khuôn Mẫu,https://trangvangvietnam.com/categories/154460/khuon-mau-linh-phu-kien-khuon-mau.html
kioway.vn,http://kioway.vn,Vận Tải Đa Phương Thức,https://trangvangvietnam.com/categories/487078/van-tai-da-phuong-thuc.html
kllc.com.vn,http://kllc.com.vn,Vận Tải Đường Hàng Không,https://trangvangvietnam.com/categories/12560/van-tai-duong-hang-khong.html
kmg.vn,http://kmg.vn,Vận Tải Đường Hàng Không,https://trangvangvietnam.com/categories/12560/van-tai-duong-hang-khong.html
laprosafety.com,https://laprosafety.com,"An Toàn Sông Nước - Phao, áo phao,..","https://trangvangvietnam.com/categories/484435/an-toan-song-nuoc-phao-ao-phao,...html"
lawaco.com,http://www.lawaco.com,"Nước - Thầu Cấp, Thoát Nước",https://trangvangvietnam.com/categories/256260/nuoc-thau-cap-thoat-nuoc.html
lenkims-knithat.com,http://lenkims-knithat.com,Dệt Kim - Sản Phẩm,https://trangvangvietnam.com/categories/136110/det-kim-san-pham.html
lightvn.vn,http://lightvn.vn,"ánh Sáng - Đèn Sân Khấu Và Thiết Bị Sân Khấu (Máy Khói, Máy Phun Lửa,.)","https://trangvangvietnam.com/categories/142660/anh-sang-den-san-khau-va-thiet-bi-san-khau-(may-khoi-may-phun-lua,.).html"
linhkienkhuonmau.vn,http://linhkienkhuonmau.vn,Khuôn Mẫu - Linh Phụ Kiện Khuôn Mẫu,https://trangvangvietnam.com/categories/154460/khuon-mau-linh-phu-kien-khuon-mau.html
logimark-group.com,https://logimark-group.com/,Vận Tải Đường Hàng Không,https://trangvangvietnam.com/categories/12560/van-tai-duong-hang-khong.html
logisticth.com,http://logisticth.com,Vận Tải Đường Hàng Không,https://trangvangvietnam.com/categories/12560/van-tai-duong-hang-khong.html
lpc.com.vn,http://lpc.com.vn,Khuôn Mẫu - Linh Phụ Kiện Khuôn Mẫu,https://trangvangvietnam.com/categories/154460/khuon-mau-linh-phu-kien-khuon-mau.html
lucquan.vn,http://lucquan.vn,"Màng EVA, Màng PEVA",https://trangvangvietnam.com/categories/3092311/mang-eva-mang-peva.html
maccorp.com.vn,http://maccorp.com.vn,Tiêu hủy hàng hóa - Dịch vụ tiêu hủy hàng hóa,https://trangvangvietnam.com/categories/3092281/tieu-huy-hang-hoa-dich-vu-tieu-huy-hang-hoa.html
mangnhuapeva.com,http://mangnhuapeva.com,"Màng EVA, Màng PEVA",https://trangvangvietnam.com/categories/3092311/mang-eva-mang-peva.html
matvang.vn,http://matvang.vn,"Bếp Gas - Linh, Phụ Kiện Bếp Gas",https://trangvangvietnam.com/categories/113070/bep-gas-linh-phu-kien-bep-gas.html
maymachungphu.com,http://maymachungphu.com,"May Sẵn - Quần Kaki, Quần Jean",https://trangvangvietnam.com/categories/288280/may-san-quan-kaki-quan-jean.html
mblogistics.vn,http://mblogistics.vn,Vận Tải Đường Hàng Không,https://trangvangvietnam.com/categories/12560/van-tai-duong-hang-khong.html
mec-vietnam.com,http://mec-vietnam.com,"Nước - Thầu Cấp, Thoát Nước",https://trangvangvietnam.com/categories/256260/nuoc-thau-cap-thoat-nuoc.html
minhnhatthanh.vn,http://minhnhatthanh.vn,"Nước - Thầu Cấp, Thoát Nước",https://trangvangvietnam.com/categories/256260/nuoc-thau-cap-thoat-nuoc.html
minhphatviet.com,http://minhphatviet.com,"Nước - Thầu Cấp, Thoát Nước",https://trangvangvietnam.com/categories/256260/nuoc-thau-cap-thoat-nuoc.html
misontrans.com,http://misontrans.com,Xuất Nhập Khẩu - Các Công Ty Xuất Nhập Khẩu,https://trangvangvietnam.com/categories/129310/xuat-nhap-khau-cac-cong-ty-xuat-nhap-khau.html
modeweltinstitute.com,http://modeweltinstitute.com,Dệt Kim - Sản Phẩm,https://trangvangvietnam.com/categories/136110/det-kim-san-pham.html
moitruongdci.com,http://moitruongdci.com,Tiêu hủy hàng hóa - Dịch vụ tiêu hủy hàng hóa,https://trangvangvietnam.com/categories/3092281/tieu-huy-hang-hoa-dich-vu-tieu-huy-hang-hoa.html
moitruongmh.vn,http://moitruongmh.vn,Tiêu hủy hàng hóa - Dịch vụ tiêu hủy hàng hóa,https://trangvangvietnam.com/categories/3092281/tieu-huy-hang-hoa-dich-vu-tieu-huy-hang-hoa.html
moitruongminhtan.vn,http://moitruongminhtan.vn,Tiêu hủy hàng hóa - Dịch vụ tiêu hủy hàng hóa,https://trangvangvietnam.com/categories/3092281/tieu-huy-hang-hoa-dich-vu-tieu-huy-hang-hoa.html
mol-logistics-group.com,http://www.mol-logistics-group.com/en,Vận Tải Đường Hàng Không,https://trangvangvietnam.com/categories/12560/van-tai-duong-hang-khong.html
moulddm.com,http://moulddm.com,Khuôn Mẫu - Linh Phụ Kiện Khuôn Mẫu,https://trangvangvietnam.com/categories/154460/khuon-mau-linh-phu-kien-khuon-mau.html
mrbuilogistics.com,http://mrbuilogistics.com,Vận Tải Đường Hàng Không,https://trangvangvietnam.com/categories/12560/van-tai-duong-hang-khong.html
nakato.com.vn,http://nakato.com.vn,Dệt Kim - Sản Phẩm,https://trangvangvietnam.com/categories/136110/det-kim-san-pham.html
namgas.com,http://namgas.com,"Bếp Gas - Linh, Phụ Kiện Bếp Gas",https://trangvangvietnam.com/categories/113070/bep-gas-linh-phu-kien-bep-gas.html
namilux.com,http://www.namilux.com,"Bếp Gas - Linh, Phụ Kiện Bếp Gas",https://trangvangvietnam.com/categories/113070/bep-gas-linh-phu-kien-bep-gas.html
ndgroup.vn,https://ndgroup.vn,Xuất Nhập Khẩu - Các Công Ty Xuất Nhập Khẩu,https://trangvangvietnam.com/categories/129310/xuat-nhap-khau-cac-cong-ty-xuat-nhap-khau.html
newhorizonvn.com,http://newhorizonvn.com,Xuất Nhập Khẩu - Các Công Ty Xuất Nhập Khẩu,https://trangvangvietnam.com/categories/129310/xuat-nhap-khau-cac-cong-ty-xuat-nhap-khau.html
nextwaves.industries,http://nextwaves.industries,Ăng Ten,https://trangvangvietnam.com/categories/16860/ang-ten.html
ngukimkhuonmau.com,http://ngukimkhuonmau.com,Khuôn Mẫu - Linh Phụ Kiện Khuôn Mẫu,https://trangvangvietnam.com/categories/154460/khuon-mau-linh-phu-kien-khuon-mau.html
nhapkhautrungquoc.vn,http://nhapkhautrungquoc.vn,Xuất Nhập Khẩu - Các Công Ty Xuất Nhập Khẩu,https://trangvangvietnam.com/categories/129310/xuat-nhap-khau-cac-cong-ty-xuat-nhap-khau.html
nhatmai.vn,http://nhatmai.vn,ắc Quy - Phục Chế và Sửa Chữa,https://trangvangvietnam.com/categories/291295/ac-quy-phuc-che-va-sua-chua.html
nhuanhatquang.com.vn,http://nhuanhatquang.com.vn,"An Toàn Sông Nước - Phao, áo phao,..","https://trangvangvietnam.com/categories/484435/an-toan-song-nuoc-phao-ao-phao,...html"
nhuanhatquang.vn,https://nhuanhatquang.vn/thiet-bi-cuu-ho-cuu-nan/,"An Toàn Sông Nước - Phao, áo phao,..","https://trangvangvietnam.com/categories/484435/an-toan-song-nuoc-phao-ao-phao,...html"
nkvietnam.com,http://nkvietnam.com,"ánh Sáng - Đèn Sân Khấu Và Thiết Bị Sân Khấu (Máy Khói, Máy Phun Lửa,.)","https://trangvangvietnam.com/categories/142660/anh-sang-den-san-khau-va-thiet-bi-san-khau-(may-khoi-may-phun-lua,.).html"
osram.com,https://osram.com,"ánh Sáng - Đèn Sân Khấu Và Thiết Bị Sân Khấu (Máy Khói, Máy Phun Lửa,.)","https://trangvangvietnam.com/categories/142660/anh-sang-den-san-khau-va-thiet-bi-san-khau-(may-khoi-may-phun-lua,.).html"
owani.vn,https://owani.vn,"Bếp Gas - Linh, Phụ Kiện Bếp Gas",https://trangvangvietnam.com/categories/113070/bep-gas-linh-phu-kien-bep-gas.html
pacificcontainer.com.vn,https://pacificcontainer.com.vn,Vận Tải Đường Hàng Không,https://trangvangvietnam.com/categories/12560/van-tai-duong-hang-khong.html
pacificmaritime.com.vn,http://pacificmaritime.com.vn,"An Toàn Sông Nước - Phao, áo phao,..","https://trangvangvietnam.com/categories/484435/an-toan-song-nuoc-phao-ao-phao,...html"
palmlogvn.com,http://palmlogvn.com,Vận Tải Đường Hàng Không,https://trangvangvietnam.com/categories/12560/van-tai-duong-hang-khong.html
pcaudio.com.vn,http://pcaudio.com.vn,"ánh Sáng - Đèn Sân Khấu Và Thiết Bị Sân Khấu (Máy Khói, Máy Phun Lửa,.)","https://trangvangvietnam.com/categories/142660/anh-sang-den-san-khau-va-thiet-bi-san-khau-(may-khoi-may-phun-lua,.).html"
phannguyen.com.vn,http://phannguyen.com.vn,"ánh Sáng - Đèn Sân Khấu Và Thiết Bị Sân Khấu (Máy Khói, Máy Phun Lửa,.)","https://trangvangvietnam.com/categories/142660/anh-sang-den-san-khau-va-thiet-bi-san-khau-(may-khoi-may-phun-lua,.).html"
phucuongtool.com,http://phucuongtool.com,Khuôn Mẫu - Linh Phụ Kiện Khuôn Mẫu,https://trangvangvietnam.com/categories/154460/khuon-mau-linh-phu-kien-khuon-mau.html
phukhang.com,http://phukhang.com,Dệt Kim - Sản Phẩm,https://trangvangvietnam.com/categories/136110/det-kim-san-pham.html
phukienbepga.vn,http://phukienbepga.vn,"Bếp Gas - Linh, Phụ Kiện Bếp Gas",https://trangvangvietnam.com/categories/113070/bep-gas-linh-phu-kien-bep-gas.html
proavl-vn.com,http://proavl-vn.com,"ánh Sáng - Đèn Sân Khấu Và Thiết Bị Sân Khấu (Máy Khói, Máy Phun Lửa,.)","https://trangvangvietnam.com/categories/142660/anh-sang-den-san-khau-va-thiet-bi-san-khau-(may-khoi-may-phun-lua,.).html"
proslink.vn,http://proslink.vn,Xuất Nhập Khẩu - Các Công Ty Xuất Nhập Khẩu,https://trangvangvietnam.com/categories/129310/xuat-nhap-khau-cac-cong-ty-xuat-nhap-khau.html
qtepsmould.co,https://www.qtepsmould.co/,Khuôn Mẫu - Linh Phụ Kiện Khuôn Mẫu,https://trangvangvietnam.com/categories/154460/khuon-mau-linh-phu-kien-khuon-mau.html
quocthangindustry.com,http://quocthangindustry.com,Khuôn Mẫu - Linh Phụ Kiện Khuôn Mẫu,https://trangvangvietnam.com/categories/154460/khuon-mau-linh-phu-kien-khuon-mau.html
r2techvn.com,https://r2techvn.com,Khuôn Mẫu - Linh Phụ Kiện Khuôn Mẫu,https://trangvangvietnam.com/categories/154460/khuon-mau-linh-phu-kien-khuon-mau.html
redevent.vn,http://redevent.vn,"ánh Sáng - Đèn Sân Khấu Và Thiết Bị Sân Khấu (Máy Khói, Máy Phun Lửa,.)","https://trangvangvietnam.com/categories/142660/anh-sang-den-san-khau-va-thiet-bi-san-khau-(may-khoi-may-phun-lua,.).html"
reeme.com.vn,http://www.reeme.com.vn,"Nước - Thầu Cấp, Thoát Nước",https://trangvangvietnam.com/categories/256260/nuoc-thau-cap-thoat-nuoc.html
rota.vn,http://rota.vn,Tiêu hủy hàng hóa - Dịch vụ tiêu hủy hàng hóa,https://trangvangvietnam.com/categories/3092281/tieu-huy-hang-hoa-dich-vu-tieu-huy-hang-hoa.html
safi.com.vn,http://www.safi.com.vn,Vận Tải Đường Hàng Không,https://trangvangvietnam.com/categories/12560/van-tai-duong-hang-khong.html
safway.com.vn,http://safway.com.vn,Vận Tải Đường Hàng Không,https://trangvangvietnam.com/categories/12560/van-tai-duong-hang-khong.html
saigon3.com.vn,http://saigon3.com.vn,"May Sẵn - Quần Kaki, Quần Jean",https://trangvangvietnam.com/categories/288280/may-san-quan-kaki-quan-jean.html
samvina.com.vn,http://samvina.com.vn,"Nước - Thầu Cấp, Thoát Nước",https://trangvangvietnam.com/categories/256260/nuoc-thau-cap-thoat-nuoc.html
saomaiaudio.com,http://saomaiaudio.com,"ánh Sáng - Đèn Sân Khấu Và Thiết Bị Sân Khấu (Máy Khói, Máy Phun Lửa,.)","https://trangvangvietnam.com/categories/142660/anh-sang-den-san-khau-va-thiet-bi-san-khau-(may-khoi-may-phun-lua,.).html"
saovang.bizz.vn,http://saovang.bizz.vn,ắc Quy - Phục Chế và Sửa Chữa,https://trangvangvietnam.com/categories/291295/ac-quy-phuc-che-va-sua-chua.html
savame.com,http://savame.com,"Nước - Thầu Cấp, Thoát Nước",https://trangvangvietnam.com/categories/256260/nuoc-thau-cap-thoat-nuoc.html
smart-shirts.com.vn,http://smart-shirts.com.vn,Dệt Kim - Sản Phẩm,https://trangvangvietnam.com/categories/136110/det-kim-san-pham.html
sonadezi.com.vn,http://www.sonadezi.com.vn,"Nước - Thầu Cấp, Thoát Nước",https://trangvangvietnam.com/categories/256260/nuoc-thau-cap-thoat-nuoc.html
songhong.vn,http://songhong.vn,Dệt Kim - Sản Phẩm,https://trangvangvietnam.com/categories/136110/det-kim-san-pham.html
sontungjeans.com,http://sontungjeans.com,"May Sẵn - Quần Kaki, Quần Jean",https://trangvangvietnam.com/categories/288280/may-san-quan-kaki-quan-jean.html
southern.com.vn,http://southern.com.vn,Vận Tải Đường Hàng Không,https://trangvangvietnam.com/categories/12560/van-tai-duong-hang-khong.html
sovina.com,http://sovina.com,Xuất Nhập Khẩu - Các Công Ty Xuất Nhập Khẩu,https://trangvangvietnam.com/categories/129310/xuat-nhap-khau-cac-cong-ty-xuat-nhap-khau.html
starlogvn.com,http://starlogvn.com,Vận Tải Đa Phương Thức,https://trangvangvietnam.com/categories/487078/van-tai-da-phuong-thuc.html
sudazi.com.vn,http://www.sudazi.com.vn,"Nước - Thầu Cấp, Thoát Nước",https://trangvangvietnam.com/categories/256260/nuoc-thau-cap-thoat-nuoc.html
sunaudio.com.vn,http://sunaudio.com.vn,"ánh Sáng - Đèn Sân Khấu Và Thiết Bị Sân Khấu (Máy Khói, Máy Phun Lửa,.)","https://trangvangvietnam.com/categories/142660/anh-sang-den-san-khau-va-thiet-bi-san-khau-(may-khoi-may-phun-lua,.).html"
sunwaylogistics.vn,http://sunwaylogistics.vn,Vận Tải Đường Hàng Không,https://trangvangvietnam.com/categories/12560/van-tai-duong-hang-khong.html
tamlog.vn,http://tamlog.vn,Vận Tải Đa Phương Thức,https://trangvangvietnam.com/categories/487078/van-tai-da-phuong-thuc.html
tanangroup.com,http://tanangroup.com,Xuất Nhập Khẩu - Các Công Ty Xuất Nhập Khẩu,https://trangvangvietnam.com/categories/129310/xuat-nhap-khau-cac-cong-ty-xuat-nhap-khau.html
tanhuutai.com,http://tanhuutai.com,"ánh Sáng - Đèn Sân Khấu Và Thiết Bị Sân Khấu (Máy Khói, Máy Phun Lửa,.)","https://trangvangvietnam.com/categories/142660/anh-sang-den-san-khau-va-thiet-bi-san-khau-(may-khoi-may-phun-lua,.).html"
tatthoitrang.com.vn,http://tatthoitrang.com.vn,Dệt Kim - Sản Phẩm,https://trangvangvietnam.com/categories/136110/det-kim-san-pham.html
tecs.com.vn,http://www.tecs.com.vn,Vận Tải Đường Hàng Không,https://trangvangvietnam.com/categories/12560/van-tai-duong-hang-khong.html
tgktrans.com,http://tgktrans.com,Vận Tải Đa Phương Thức,https://trangvangvietnam.com/categories/487078/van-tai-da-phuong-thuc.html
thamico.com,https://www.thamico.com,Vận Tải Đường Hàng Không,https://trangvangvietnam.com/categories/12560/van-tai-duong-hang-khong.html
thanhdatsafety.vn,http://thanhdatsafety.vn,"An Toàn Sông Nước - Phao, áo phao,..","https://trangvangvietnam.com/categories/484435/an-toan-song-nuoc-phao-ao-phao,...html"
thietbi365.vn,http://thietbi365.vn,Xuất Nhập Khẩu - Các Công Ty Xuất Nhập Khẩu,https://trangvangvietnam.com/categories/129310/xuat-nhap-khau-cac-cong-ty-xuat-nhap-khau.html
thongquan.com.vn,http://thongquan.com.vn,Vận Tải Đường Hàng Không,https://trangvangvietnam.com/categories/12560/van-tai-duong-hang-khong.html
thygesen.com.vn,http://thygesen.com.vn,Dệt Kim - Sản Phẩm,https://trangvangvietnam.com/categories/136110/det-kim-san-pham.html
thyphu.vn,http://thyphu.vn,"Nước - Thầu Cấp, Thoát Nước",https://trangvangvietnam.com/categories/256260/nuoc-thau-cap-thoat-nuoc.html
tienphat.org,http://tienphat.org,"Màng EVA, Màng PEVA",https://trangvangvietnam.com/categories/3092311/mang-eva-mang-peva.html
tinhky.vn,http://tinhky.vn,"Nước - Thầu Cấp, Thoát Nước",https://trangvangvietnam.com/categories/256260/nuoc-thau-cap-thoat-nuoc.html
tmforwarding.com,http://tmforwarding.com,Vận Tải Đa Phương Thức,https://trangvangvietnam.com/categories/487078/van-tai-da-phuong-thuc.html
tngcor.com,http://www.tngcor.com,Vận Tải Đa Phương Thức,https://trangvangvietnam.com/categories/487078/van-tai-da-phuong-thuc.html
toolsvn.com.vn,http://toolsvn.com.vn,Khuôn Mẫu - Linh Phụ Kiện Khuôn Mẫu,https://trangvangvietnam.com/categories/154460/khuon-mau-linh-phu-kien-khuon-mau.html
tradedata.vn,https://tradedata.vn/vi/?utm_source=yellowpage&utm_medium=banner&utm_campaign=ads,Xuất Nhập Khẩu - Các Công Ty Xuất Nhập Khẩu,https://trangvangvietnam.com/categories/129310/xuat-nhap-khau-cac-cong-ty-xuat-nhap-khau.html
transpacificvn.com,http://transpacificvn.com,Vận Tải Đa Phương Thức,https://trangvangvietnam.com/categories/487078/van-tai-da-phuong-thuc.html
transship.vn,http://transship.vn,Vận Tải Đường Hàng Không,https://trangvangvietnam.com/categories/12560/van-tai-duong-hang-khong.html
trieuminh.com,http://trieuminh.com,"Nước - Thầu Cấp, Thoát Nước",https://trangvangvietnam.com/categories/256260/nuoc-thau-cap-thoat-nuoc.html
truongthinhcompany.vn,http://truongthinhcompany.vn,"ánh Sáng - Đèn Sân Khấu Và Thiết Bị Sân Khấu (Máy Khói, Máy Phun Lửa,.)","https://trangvangvietnam.com/categories/142660/anh-sang-den-san-khau-va-thiet-bi-san-khau-(may-khoi-may-phun-lua,.).html"
ttvm.com.vn,http://ttvm.com.vn,Xuất Nhập Khẩu - Các Công Ty Xuất Nhập Khẩu,https://trangvangvietnam.com/categories/129310/xuat-nhap-khau-cac-cong-ty-xuat-nhap-khau.html
tuongphatco.com,http://tuongphatco.com,Dệt Kim - Sản Phẩm,https://trangvangvietnam.com/categories/136110/det-kim-san-pham.html
tvnmold.bizz.vn,http://tvnmold.bizz.vn,Khuôn Mẫu - Linh Phụ Kiện Khuôn Mẫu,https://trangvangvietnam.com/categories/154460/khuon-mau-linh-phu-kien-khuon-mau.html
udc.com.vn,http://udc.com.vn,"Nước - Thầu Cấp, Thoát Nước",https://trangvangvietnam.com/categories/256260/nuoc-thau-cap-thoat-nuoc.html
unimex-hanoi.com,http://unimex-hanoi.com,Xuất Nhập Khẩu - Các Công Ty Xuất Nhập Khẩu,https://trangvangvietnam.com/categories/129310/xuat-nhap-khau-cac-cong-ty-xuat-nhap-khau.html
unimexna.com.vn,http://unimexna.com.vn,Xuất Nhập Khẩu - Các Công Ty Xuất Nhập Khẩu,https://trangvangvietnam.com/categories/129310/xuat-nhap-khau-cac-cong-ty-xuat-nhap-khau.html
uyenphat.com.vn,http://uyenphat.com.vn,"Bếp Gas - Linh, Phụ Kiện Bếp Gas",https://trangvangvietnam.com/categories/113070/bep-gas-linh-phu-kien-bep-gas.html
vakanam.com,http://www.vakanam.com,Xuất Nhập Khẩu - Các Công Ty Xuất Nhập Khẩu,https://trangvangvietnam.com/categories/129310/xuat-nhap-khau-cac-cong-ty-xuat-nhap-khau.html
valvietnam.com,http://valvietnam.com,Khuôn Mẫu - Linh Phụ Kiện Khuôn Mẫu,https://trangvangvietnam.com/categories/154460/khuon-mau-linh-phu-kien-khuon-mau.html
vanchuyenmay.com.vn,http://vanchuyenmay.com.vn,Vận Tải Đường Hàng Không,https://trangvangvietnam.com/categories/12560/van-tai-duong-hang-khong.html
vankhanhgroup.com,http://vankhanhgroup.com,"Nước - Thầu Cấp, Thoát Nước",https://trangvangvietnam.com/categories/256260/nuoc-thau-cap-thoat-nuoc.html
vantage-logistics.com.vn,http://vantage-logistics.com.vn,Vận Tải Đa Phương Thức,https://trangvangvietnam.com/categories/487078/van-tai-da-phuong-thuc.html
vantaianpha.vn,https://vantaianpha.vn,Vận Tải Đường Hàng Không,https://trangvangvietnam.com/categories/12560/van-tai-duong-hang-khong.html
vantaidaingocphat.com,http://vantaidaingocphat.com,Vận Tải Đa Phương Thức,https://trangvangvietnam.com/categories/487078/van-tai-da-phuong-thuc.html
vantaievaf.com,http://vantaievaf.com,Vận Tải Đa Phương Thức,https://trangvangvietnam.com/categories/487078/van-tai-da-phuong-thuc.html
vantaihoaxa.vn,https://vantaihoaxa.vn,Vận Tải Đường Hàng Không,https://trangvangvietnam.com/categories/12560/van-tai-duong-hang-khong.html
vantaihungthao.com.vn,https://vantaihungthao.com.vn,Vận Tải Đường Hàng Không,https://trangvangvietnam.com/categories/12560/van-tai-duong-hang-khong.html
vantaikhangthinh.bizz.vn,http://vantaikhangthinh.bizz.vn/,Vận Tải Đa Phương Thức,https://trangvangvietnam.com/categories/487078/van-tai-da-phuong-thuc.html
vattudongthanh.com,http://vattudongthanh.com,Khuôn Mẫu - Linh Phụ Kiện Khuôn Mẫu,https://trangvangvietnam.com/categories/154460/khuon-mau-linh-phu-kien-khuon-mau.html
vclcooker.com,http://vclcooker.com,"Bếp Gas - Linh, Phụ Kiện Bếp Gas",https://trangvangvietnam.com/categories/113070/bep-gas-linh-phu-kien-bep-gas.html
vfv.com.vn,http://www.vfv.com.vn,Vận Tải Đa Phương Thức,https://trangvangvietnam.com/categories/487078/van-tai-da-phuong-thuc.html
viet-trade.org,http://viet-trade.org,Xuất Nhập Khẩu - Các Công Ty Xuất Nhập Khẩu,https://trangvangvietnam.com/categories/129310/xuat-nhap-khau-cac-cong-ty-xuat-nhap-khau.html
vietaircargo.asia,http://vietaircargo.asia,Vận Tải Đường Hàng Không,https://trangvangvietnam.com/categories/12560/van-tai-duong-hang-khong.html
vietchinh.com.vn,http://vietchinh.com.vn,"An Toàn Sông Nước - Phao, áo phao,..","https://trangvangvietnam.com/categories/484435/an-toan-song-nuoc-phao-ao-phao,...html"
viethoagroup.com,http://viethoagroup.com,Vận Tải Đường Hàng Không,https://trangvangvietnam.com/categories/12560/van-tai-duong-hang-khong.html
vietmoiaudio.com,http://vietmoiaudio.com,"ánh Sáng - Đèn Sân Khấu Và Thiết Bị Sân Khấu (Máy Khói, Máy Phun Lửa,.)","https://trangvangvietnam.com/categories/142660/anh-sang-den-san-khau-va-thiet-bi-san-khau-(may-khoi-may-phun-lua,.).html"
vietranstimex.com.vn,http://vietranstimex.com.vn,Vận Tải Đa Phương Thức,https://trangvangvietnam.com/categories/487078/van-tai-da-phuong-thuc.html
vietstage.com,http://vietstage.com,"ánh Sáng - Đèn Sân Khấu Và Thiết Bị Sân Khấu (Máy Khói, Máy Phun Lửa,.)","https://trangvangvietnam.com/categories/142660/anh-sang-den-san-khau-va-thiet-bi-san-khau-(may-khoi-may-phun-lua,.).html"
vietsunlogistic.com,http://vietsunlogistic.com,Vận Tải Đa Phương Thức,https://trangvangvietnam.com/categories/487078/van-tai-da-phuong-thuc.html
viettinlogistics.vn,http://viettinlogistics.vn,Vận Tải Đa Phương Thức,https://trangvangvietnam.com/categories/487078/van-tai-da-phuong-thuc.html
vinafco.com.vn,http://www.vinafco.com.vn,Vận Tải Đa Phương Thức,https://trangvangvietnam.com/categories/487078/van-tai-da-phuong-thuc.html
vinatrans.com,http://vinatrans.com,Vận Tải Đa Phương Thức,https://trangvangvietnam.com/categories/487078/van-tai-da-phuong-thuc.html
vinausen.com,https://vinausen.com,Tiêu hủy hàng hóa - Dịch vụ tiêu hủy hàng hóa,https://trangvangvietnam.com/categories/3092281/tieu-huy-hang-hoa-dich-vu-tieu-huy-hang-hoa.html
vinhxuyen.vn,http://vinhxuyen.vn,"An Toàn Sông Nước - Phao, áo phao,..","https://trangvangvietnam.com/categories/484435/an-toan-song-nuoc-phao-ao-phao,...html"
vitajeans.com,http://vitajeans.com,"May Sẵn - Quần Kaki, Quần Jean",https://trangvangvietnam.com/categories/288280/may-san-quan-kaki-quan-jean.html
viwase.com.vn,http://viwase.com.vn,"Nước - Thầu Cấp, Thoát Nước",https://trangvangvietnam.com/categories/256260/nuoc-thau-cap-thoat-nuoc.html
vn.misumi-ec.com,https://vn.misumi-ec.com,Khuôn Mẫu - Linh Phụ Kiện Khuôn Mẫu,https://trangvangvietnam.com/categories/154460/khuon-mau-linh-phu-kien-khuon-mau.html
vnep.com.vn,http://www.vnep.com.vn,"Nước - Thầu Cấp, Thoát Nước",https://trangvangvietnam.com/categories/256260/nuoc-thau-cap-thoat-nuoc.html
vnseiko.com.vn,http://vnseiko.com.vn,Khuôn Mẫu - Linh Phụ Kiện Khuôn Mẫu,https://trangvangvietnam.com/categories/154460/khuon-mau-linh-phu-kien-khuon-mau.html
vntlogistics.com,http://vntlogistics.com,Xuất Nhập Khẩu - Các Công Ty Xuất Nhập Khẩu,https://trangvangvietnam.com/categories/129310/xuat-nhap-khau-cac-cong-ty-xuat-nhap-khau.html
vsico.com.vn,http://vsico.com.vn,Vận Tải Đa Phương Thức,https://trangvangvietnam.com/categories/487078/van-tai-da-phuong-thuc.html
vstar.com.vn,http://vstar.com.vn,Xuất Nhập Khẩu - Các Công Ty Xuất Nhập Khẩu,https://trangvangvietnam.com/categories/129310/xuat-nhap-khau-cac-cong-ty-xuat-nhap-khau.html
vuhoang.vn,http://vuhoang.vn,"ánh Sáng - Đèn Sân Khấu Và Thiết Bị Sân Khấu (Máy Khói, Máy Phun Lửa,.)","https://trangvangvietnam.com/categories/142660/anh-sang-den-san-khau-va-thiet-bi-san-khau-(may-khoi-may-phun-lua,.).html"
worldwidelogis.com,http://www.worldwidelogis.com,Vận Tải Đa Phương Thức,https://trangvangvietnam.com/categories/487078/van-tai-da-phuong-thuc.html
xnkhoangkhang.com,http://xnkhoangkhang.com,Xuất Nhập Khẩu - Các Công Ty Xuất Nhập Khẩu,https://trangvangvietnam.com/categories/129310/xuat-nhap-khau-cac-cong-ty-xuat-nhap-khau.html
xuanbaolog.com,http://xuanbaolog.com,Vận Tải Đa Phương Thức,https://trangvangvietnam.com/categories/487078/van-tai-da-phuong-thuc.html
xuanthanh.info,http://xuanthanh.info/,"Nước - Thầu Cấp, Thoát Nước",https://trangvangvietnam.com/categories/256260/nuoc-thau-cap-thoat-nuoc.html
xulyracthaivungtau.com,http://xulyracthaivungtau.com,Tiêu hủy hàng hóa - Dịch vụ tiêu hủy hàng hóa,https://trangvangvietnam.com/categories/3092281/tieu-huy-hang-hoa-dich-vu-tieu-huy-hang-hoa.html
yellowpages.com.vn,https://www.yellowpages.com.vn/categories/12560/air-freight-service.html,Vận Tải Đường Hàng Không,https://trangvangvietnam.com/categories/12560/van-tai-duong-hang-khong.html
yinda.vn,http://yinda.vn,Màng CPE,https://trangvangvietnam.com/categories/3092524/mang-cpe.html
z76.vn,http://z76.vn,"An Toàn Sông Nước - Phao, áo phao,..","https://trangvangvietnam.com/categories/484435/an-toan-song-nuoc-phao-ao-phao,...html"
acquybinhduonggiatot.com,http://acquybinhduonggiatot.com,ắc Quy - Phục Chế và Sửa Chữa,https://trangvangvietnam.com/categories/291295/ac-quy-phuc-che-va-sua-chua.html
amthanhmanhinhled.com,http://amthanhmanhinhled.com,"ánh Sáng - Đèn Sân Khấu Và Thiết Bị Sân Khấu (Máy Khói, Máy Phun Lửa,.)","https://trangvangvietnam.com/categories/142660/anh-sang-den-san-khau-va-thiet-bi-san-khau-(may-khoi-may-phun-lua,.).html"
anhung-group.com,http://anhung-group.com,Dệt Kim - Sản Phẩm,https://trangvangvietnam.com/categories/136110/det-kim-san-pham.html
bepgas.net.vn,http://bepgas.net.vn,"Bếp Gas - Linh, Phụ Kiện Bếp Gas",https://trangvangvietnam.com/categories/113070/bep-gas-linh-phu-kien-bep-gas.html
bephong.vn,http://www.bephong.vn,"Bếp Gas - Linh, Phụ Kiện Bếp Gas",https://trangvangvietnam.com/categories/113070/bep-gas-linh-phu-kien-bep-gas.html
beponline24h.com.vn,http://beponline24h.com.vn,"Bếp Gas - Linh, Phụ Kiện Bếp Gas",https://trangvangvietnam.com/categories/113070/bep-gas-linh-phu-kien-bep-gas.html
bittat.com.vn,http://bittat.com.vn,Dệt Kim - Sản Phẩm,https://trangvangvietnam.com/categories/136110/det-kim-san-pham.html
brigen.vn,http://brigen.vn,Xuất Nhập Khẩu - Các Công Ty Xuất Nhập Khẩu,https://trangvangvietnam.com/categories/129310/xuat-nhap-khau-cac-cong-ty-xuat-nhap-khau.html
bumen.vn,http://bumen.vn,"Nước - Thầu Cấp, Thoát Nước",https://trangvangvietnam.com/categories/256260/nuoc-thau-cap-thoat-nuoc.html
cmctransport.vn,http://cmctransport.vn,Vận Tải Đa Phương Thức,https://trangvangvietnam.com/categories/487078/van-tai-da-phuong-thuc.html
codientst.com.vn,http://codientst.com.vn,"Nước - Thầu Cấp, Thoát Nước",https://trangvangvietnam.com/categories/256260/nuoc-thau-cap-thoat-nuoc.html
cokhilongvinhphat.com,http://cokhilongvinhphat.com,"Bếp Gas - Linh, Phụ Kiện Bếp Gas",https://trangvangvietnam.com/categories/113070/bep-gas-linh-phu-kien-bep-gas.html
ctgas.com.vn,http://ctgas.com.vn,"Bếp Gas - Linh, Phụ Kiện Bếp Gas",https://trangvangvietnam.com/categories/113070/bep-gas-linh-phu-kien-bep-gas.html
densankhaupro.com,http://densankhaupro.com,"ánh Sáng - Đèn Sân Khấu Và Thiết Bị Sân Khấu (Máy Khói, Máy Phun Lửa,.)","https://trangvangvietnam.com/categories/142660/anh-sang-den-san-khau-va-thiet-bi-san-khau-(may-khoi-may-phun-lua,.).html"
densieusang.com.vn,http://densieusang.com.vn,"ánh Sáng - Đèn Sân Khấu Và Thiết Bị Sân Khấu (Máy Khói, Máy Phun Lửa,.)","https://trangvangvietnam.com/categories/142660/anh-sang-den-san-khau-va-thiet-bi-san-khau-(may-khoi-may-phun-lua,.).html"
diachat146.com,http://diachat146.com,"Nước - Thầu Cấp, Thoát Nước",https://trangvangvietnam.com/categories/256260/nuoc-thau-cap-thoat-nuoc.html
ecoshopping.vn,http://ecoshopping.vn,"May Sẵn - Quần Kaki, Quần Jean",https://trangvangvietnam.com/categories/288280/may-san-quan-kaki-quan-jean.html
eximvn.vn,http://eximvn.vn,Xuất Nhập Khẩu - Các Công Ty Xuất Nhập Khẩu,https://trangvangvietnam.com/categories/129310/xuat-nhap-khau-cac-cong-ty-xuat-nhap-khau.html
funai.com.vn,http://www.funai.com.vn,"Bếp Gas - Linh, Phụ Kiện Bếp Gas",https://trangvangvietnam.com/categories/113070/bep-gas-linh-phu-kien-bep-gas.html
gasleminh.znn.vn,http://www.gasleminh.znn.vn,"Bếp Gas - Linh, Phụ Kiện Bếp Gas",https://trangvangvietnam.com/categories/113070/bep-gas-linh-phu-kien-bep-gas.html
hdgain.com,http://hdgain.com,Ăng Ten,https://trangvangvietnam.com/categories/16860/ang-ten.html
hieuhaosport.com,http://hieuhaosport.com,Dệt Kim - Sản Phẩm,https://trangvangvietnam.com/categories/136110/det-kim-san-pham.html
hoangleanh.com,http://hoangleanh.com,"ánh Sáng - Đèn Sân Khấu Và Thiết Bị Sân Khấu (Máy Khói, Máy Phun Lửa,.)","https://trangvangvietnam.com/categories/142660/anh-sang-den-san-khau-va-thiet-bi-san-khau-(may-khoi-may-phun-lua,.).html"
htjeans.com,http://htjeans.com,"May Sẵn - Quần Kaki, Quần Jean",https://trangvangvietnam.com/categories/288280/may-san-quan-kaki-quan-jean.html
ims-vietnam.com,http://www.ims-vietnam.com,Xuất Nhập Khẩu - Các Công Ty Xuất Nhập Khẩu,https://trangvangvietnam.com/categories/129310/xuat-nhap-khau-cac-cong-ty-xuat-nhap-khau.html
itokoki.co.jp,http://www.itokoki.co.jp,"Bếp Gas - Linh, Phụ Kiện Bếp Gas",https://trangvangvietnam.com/categories/113070/bep-gas-linh-phu-kien-bep-gas.html
jeanchuyensi.com,http://jeanchuyensi.com,"May Sẵn - Quần Kaki, Quần Jean",https://trangvangvietnam.com/categories/288280/may-san-quan-kaki-quan-jean.html
khangkhai.com,http://www.khangkhai.com,Dệt Kim - Sản Phẩm,https://trangvangvietnam.com/categories/136110/det-kim-san-pham.html
khuonmaungocdung.com,http://khuonmaungocdung.com,Khuôn Mẫu - Linh Phụ Kiện Khuôn Mẫu,https://trangvangvietnam.com/categories/154460/khuon-mau-linh-phu-kien-khuon-mau.html
khuonmauvachnganvesinh.com,http://khuonmauvachnganvesinh.com,Khuôn Mẫu - Linh Phụ Kiện Khuôn Mẫu,https://trangvangvietnam.com/categories/154460/khuon-mau-linh-phu-kien-khuon-mau.html
knitpulloversweater.com,http://knitpulloversweater.com,Dệt Kim - Sản Phẩm,https://trangvangvietnam.com/categories/136110/det-kim-san-pham.html
linhphukienkhuonmau.com.vn,http://linhphukienkhuonmau.com.vn,Khuôn Mẫu - Linh Phụ Kiện Khuôn Mẫu,https://trangvangvietnam.com/categories/154460/khuon-mau-linh-phu-kien-khuon-mau.html
mangpeva.com,http://mangpeva.com,"Màng EVA, Màng PEVA",https://trangvangvietnam.com/categories/3092311/mang-eva-mang-peva.html
moitruongtaynguyen.vn,http://moitruongtaynguyen.vn,Tiêu hủy hàng hóa - Dịch vụ tiêu hủy hàng hóa,https://trangvangvietnam.com/categories/3092281/tieu-huy-hang-hoa-dich-vu-tieu-huy-hang-hoa.html
musicland.com.vn,http://www.musicland.com.vn,"ánh Sáng - Đèn Sân Khấu Và Thiết Bị Sân Khấu (Máy Khói, Máy Phun Lửa,.)","https://trangvangvietnam.com/categories/142660/anh-sang-den-san-khau-va-thiet-bi-san-khau-(may-khoi-may-phun-lua,.).html"
nikkon-hd.co.jp,http://www.nikkon-hd.co.jp,Vận Tải Đa Phương Thức,https://trangvangvietnam.com/categories/487078/van-tai-da-phuong-thuc.html
powerland.vn,http://powerland.vn,ắc Quy - Phục Chế và Sửa Chữa,https://trangvangvietnam.com/categories/291295/ac-quy-phuc-che-va-sua-chua.html
prazenta.com,http://prazenta.com,"May Sẵn - Quần Kaki, Quần Jean",https://trangvangvietnam.com/categories/288280/may-san-quan-kaki-quan-jean.html
queanhgas.vn,http://queanhgas.vn,"Bếp Gas - Linh, Phụ Kiện Bếp Gas",https://trangvangvietnam.com/categories/113070/bep-gas-linh-phu-kien-bep-gas.html
sbt.com.vn,http://www.sbt.com.vn,Ăng Ten,https://trangvangvietnam.com/categories/16860/ang-ten.html
sendovina.com.vn,http://sendovina.com.vn,Xuất Nhập Khẩu - Các Công Ty Xuất Nhập Khẩu,https://trangvangvietnam.com/categories/129310/xuat-nhap-khau-cac-cong-ty-xuat-nhap-khau.html
sorecom.org,http://www.sorecom.org,Ăng Ten,https://trangvangvietnam.com/categories/16860/ang-ten.html
suatannha.com,http://www.suatannha.com,Ăng Ten,https://trangvangvietnam.com/categories/16860/ang-ten.html
tecmawatco.com.vn,http://tecmawatco.com.vn,"An Toàn Sông Nước - Phao, áo phao,..","https://trangvangvietnam.com/categories/484435/an-toan-song-nuoc-phao-ao-phao,...html"
thanglongtel.com,http://thanglongtel.com,Ăng Ten,https://trangvangvietnam.com/categories/16860/ang-ten.html
thanhdonggas.com,http://thanhdonggas.com,"Bếp Gas - Linh, Phụ Kiện Bếp Gas",https://trangvangvietnam.com/categories/113070/bep-gas-linh-phu-kien-bep-gas.html
thoitrangbanmai.com,http://thoitrangbanmai.com,"May Sẵn - Quần Kaki, Quần Jean",https://trangvangvietnam.com/categories/288280/may-san-quan-kaki-quan-jean.html
thoitrangduyphat.vn,http://thoitrangduyphat.vn,"May Sẵn - Quần Kaki, Quần Jean",https://trangvangvietnam.com/categories/288280/may-san-quan-kaki-quan-jean.html
vanloc.vn,http://vanloc.vn,"Bếp Gas - Linh, Phụ Kiện Bếp Gas",https://trangvangvietnam.com/categories/113070/bep-gas-linh-phu-kien-bep-gas.html
vantaivietlinh.com,http://www.vantaivietlinh.com/,Vận Tải Đa Phương Thức,https://trangvangvietnam.com/categories/487078/van-tai-da-phuong-thuc.html
vhtholding.com,http://vhtholding.com,Vận Tải Đa Phương Thức,https://trangvangvietnam.com/categories/487078/van-tai-da-phuong-thuc.html
vietnamsocks.vn,http://vietnamsocks.vn,Dệt Kim - Sản Phẩm,https://trangvangvietnam.com/categories/136110/det-kim-san-pham.html
vietsocks.vn,http://vietsocks.vn,Dệt Kim - Sản Phẩm,https://trangvangvietnam.com/categories/136110/det-kim-san-pham.html
xecogioi.vn,http://xecogioi.vn,Xuất Nhập Khẩu - Các Công Ty Xuất Nhập Khẩu,https://trangvangvietnam.com/categories/129310/xuat-nhap-khau-cac-cong-ty-xuat-nhap-khau.html
xuongjeanvnxk.com,http://xuongjeanvnxk.com,"May Sẵn - Quần Kaki, Quần Jean",https://trangvangvietnam.com/categories/288280/may-san-quan-kaki-quan-jean.html
xuongkakicaocap.com,http://xuongkakicaocap.com,"May Sẵn - Quần Kaki, Quần Jean",https://trangvangvietnam.com/categories/288280/may-san-quan-kaki-quan-jean.html
